"id","brand","powertrain","type","location","owner","mfg_year","serial_number","eq_no","status","created_at","updated_at","deleted_at"
"1","TOYOTA","Diesel","8FD30","PT EPSON","PS Rent","2020","SN001","PS386","Active","2024-12-25 12:21:22","2024-12-25 12:21:23",NULL
"2","TOYOTA","Diesel","8FD30","PT EPSON","PS Rent","2020","SN002","PS695","Active","2024-12-25 12:21:22","2024-12-25 12:21:23",NULL
"3","TOYOTA","Diesel","8FD30","PT EPSON","PS Rent","2020","SN003","PS865","Active","2024-12-25 12:21:22","2024-12-25 12:21:23",NULL
"4","TOYOTA","Diesel","8FD30","PT EPSON","PS RENT","2020","SN004","PS540","Active","2024-12-25 12:21:22","2024-12-25 12:21:23",NULL
"5","TOYOTA","Diesel","8FD30","PT EPSON","PS Rent","2020","SN005","PS777","Active","2024-12-25 12:21:22","2024-12-25 12:21:23",NULL
"6","TOYOTA","Diesel","8FD30","PT EPSON","PS Rent","2020","SN006","PS693","Active","2024-12-25 12:21:22","2024-12-25 12:21:23",NULL
"7","TOYOTA","Diesel","8FD25","PT GIKEN TANJUNG UNCANG","PS Rent","2020","SN007","PS484","Active","2024-12-25 12:21:22","2025-07-03 15:28:56",NULL
"8","TOYOTA","Diesel","8FD25","PT ALCOTRAINDO","PS Own","2020","SN008","PS650","Active","2024-12-25 12:21:22","2025-05-05 16:20:27",NULL
"9","TOYOTA","Diesel","8FD25","PT ALCOTRAINDO","PS Rent","2020","SN009","PS654","Active","2024-12-25 12:21:22","2024-12-25 12:21:23",NULL
"10","TOYOTA","Diesel","8FD25","PT ALCOTRAINDO BATAM","Under Repair","2020","SN010","PS530","Active","2024-12-25 12:21:22","2025-01-13 11:39:49",NULL
"11","TOYOTA","Diesel","8FD25","Giken Horizon Tj Uncang","alcotraindo batam","2020","SN011","PS983","Maintenance","2024-12-25 12:21:22","2025-07-25 16:20:57",NULL
"12","TOYOTA","Diesel","8FD25","WORKSHOP","PS RENT","2020","SN012","PS186","Active","2024-12-25 12:21:22","2025-03-19 07:52:46",NULL
"13","TOYOTA","Diesel","8FD25","PT ALCOTRAINDO KABIL","PS Rent","2020","SN013","PS946","Active","2024-12-25 12:21:23","2024-12-25 12:21:23",NULL
"14","TOYOTA","Diesel","8FD26","PT ALCOTRAINDO","PS Rent","2020","SN014","PS881","Active","2024-12-25 12:21:23","2024-12-25 12:21:23",NULL
"15","TOYOTA","LPG","8FG25","PT COCA-COLA","PS Rent","2020","SN015","PS251","Active","2024-12-25 12:21:23","2024-12-25 12:21:23",NULL
"16","TOYOTA","LPG","8FG25","PT COCA-COLA","PS Rent","2020","SN016","PS530B","Active","2024-12-25 12:21:23","2024-12-25 12:21:23",NULL
"17","TOYOTA","Diesel","8FD30","PT INTI DUTA SURYA","PS Rent","2020","SN017","PS032","Active","2024-12-25 12:21:23","2024-12-25 12:21:23",NULL
"18","TOYOTA","Diesel","8FD30","BTG","PS Own","2020","SN018","PS042","Active","2024-12-25 12:21:23","2025-04-17 09:56:07",NULL
"19","TOYOTA","Diesel","8FD30","PT TENARIS","PS Rent","2020","SN019","PS768","Active","2024-12-25 12:21:23","2025-07-26 10:18:34",NULL
"20","TOYOTA","Diesel","8FD25","PT ALCOTRAINDO KABIL","PS Rent","2020","SN020","PS656","Active","2024-12-25 12:21:23","2025-10-21 08:33:38",NULL
"21","TOYOTA","Diesel","8FD25","PT KIAN SOON","PS Rent","2020","SN021","PS205","Active","2024-12-25 12:21:23","2024-12-25 12:21:23",NULL
"22","TOYOTA","Diesel","8FD25","SUPERPAKINDO","PS Workshop","2020","SN022","PS305","Active","2024-12-25 12:21:23","2024-12-25 12:21:23",NULL
"23","TOYOTA","Diesel","8FD25","PT INDO KREASI","PS Rent","2020","SN023","PS920","Active","2024-12-25 12:21:23","2024-12-25 12:21:23",NULL
"24","TOYOTA","Diesel","7FD30","PT ISTIMEWA BANGUN BERSAMA","Customer Owned","2020","SN024","F 01","Active","2024-12-25 12:21:23","2024-12-25 12:21:23",NULL
"25","TOYOTA","Diesel","8FD25","WORKSHOP","PS Rent","2020","SN025","PS137","Active","2024-12-25 12:21:23","2025-05-05 16:19:01",NULL
"26","TOYOTA","Diesel","8FD25","Giken Horizon Tj Uncang","PS Workshop","2013","SN026","PS067","Active","2024-12-25 12:21:23","2025-05-05 16:15:33",NULL
"27","TOYOTA","Diesel","7FD30","SOLD PT WHIRINDO","Customer Owned","2020","SN027","PS126","Active","2024-12-25 12:21:23","2024-12-25 12:21:23",NULL
"28","TOYOTA","Diesel","7FD30","PT NIGI KABIL NATGAS","PS Workshop","2020","SN028","PS991","Active","2024-12-25 12:21:23","2025-07-26 10:19:54",NULL
"30","TOYOTA","Diesel","7FD30","PT INTI DUTA SURYA","PS Rent","2020","SN029","PS972","Active","2024-12-25 12:21:23","2024-12-25 12:21:23",NULL
"31","TOYOTA","Diesel","7FD30","SANPRO","PS Workshop","2005","SN030","PS779","Active","2024-12-25 12:21:23","2025-04-14 09:37:25",NULL
"32","TOYOTA","Diesel","8FD25","PS Workshop","PS Workshop","2020","SN031","PS461","Active","2024-12-25 12:21:23","2024-12-25 12:21:23",NULL
"33","TOYOTA","Diesel","5FD80","PS Workshop","PS Workshop","2020","SN032","PS012","Active","2024-12-25 12:21:23","2024-12-25 12:21:23",NULL
"34","TOYOTA","Diesel","5FD80","PS Workshop","PS Workshop","2020","SN033","PS977","Active","2024-12-25 12:21:23","2024-12-25 12:21:23",NULL
"35","TOYOTA","Diesel","8FD25","PT EPSON TRAINING","PS Workshop","2020","SN034","PS250","Active","2024-12-25 12:21:23","2025-07-26 10:20:47",NULL
"36","TCM","Diesel","FD70Z8","PS Workshop","PS Workshop","2020","SN035","PS191B","Active","2024-12-25 12:21:23","2024-12-25 12:21:23",NULL
"37","TCM","Diesel","FD70Z8","PT BATAMMEC","PS RENT","2020","SN036","PS925","Active","2024-12-25 12:21:23","2024-12-25 12:21:23",NULL
"38","TOYOTA","Diesel","8FD25","PT Daiho","PS Own","2010","SN037","PS086","Active","2024-12-25 12:21:23","2025-05-05 16:16:08",NULL
"39","TOYOTA","Diesel","6FD45","PS Workshop","PS Workshop","2020","SN038","PS131","Active","2024-12-25 12:21:23","2024-12-25 12:21:23",NULL
"40","TCM","Diesel","FD40Z7","PT KSA TJ UNCANG","PS Workshop","2020","SN039","PS191A","Active","2024-12-25 12:21:23","2024-12-25 12:21:23",NULL
"41","TOYOTA","Diesel","3FD115","PS Workshop","PS Workshop","2020","SN040","PS414B","Active","2024-12-25 12:21:23","2024-12-25 12:21:23",NULL
"42","TOYOTA","Diesel","5FD80","PS Workshop","PS Workshop","2020","SN041","PS110","Active","2024-12-25 12:21:23","2024-12-25 12:21:23",NULL
"43","TOYOTA","Diesel","5FD81","PS Workshop","PS Workshop","2020","SN042","PS011","Active","2024-12-25 12:21:23","2024-12-25 12:21:23",NULL
"44","HELI","Diesel","CPCD100","PT APIPA","PS Workshop","2020","SN043","PS256","Active","2024-12-25 12:21:23","2025-02-04 13:32:41",NULL
"45","TOYOTA","Diesel","8FD30","PT TENARIS HYDRILL","PS Rent","2020","SN044","PS403","Active","2024-12-25 12:21:23","2024-12-25 12:21:23",NULL
"46","TOYOTA","Diesel","8FD25","PT BTG","PS Lend","2020","SN045","PS234","Active","2024-12-25 12:21:23","2025-08-12 13:57:11",NULL
"47","TOYOTA","Diesel","7FD30","WORSHOP","PS Rent","2020","SN046","PS942","Active","2024-12-25 12:21:23","2025-07-26 10:20:19",NULL
"48","TCM","Diesel","FD40Z7","PT KSA TJ UNCANG","PS Workshop","2020","SN047","PS463","Active","2024-12-25 12:21:23","2024-12-25 12:21:23",NULL
"49","TOYOTA","Diesel","8FD30","PT NIGI UNCANG","Customer Owned","2020","SN048","NIG-TOY-A","Active","2024-12-25 12:21:23","2024-12-25 12:21:23",NULL
"50","TOYOTA","Diesel","8FD30","PT NIGI UNCANG","Customer Owned","2020","SN049","B","Maintenance","2024-12-25 12:21:23","2025-01-10 07:59:32",NULL
"51","KOMATSU","Diesel","FD30T","PT NIGI UNCANG","Customer Owned","2020","SN050","C","Retired","2024-12-25 12:21:23","2025-01-10 07:56:26",NULL
"52","KOMATSU","Diesel","FD30T","PT NIGI UNCANG","Customer Owned","2020","SN051","NIG-KOM-A","Retired","2024-12-25 12:21:23","2025-01-10 07:55:53",NULL
"53","TOYOTA","Diesel","8FD30","PT NIGI KABIL","Customer Owned","2020","SN052","NIG-TOY-C","Active","2024-12-25 12:21:23","2024-12-25 12:21:23",NULL
"54","TOYOTA","Diesel","8FD30","PT TENARIS HYDRILL","Customer Owned","2020","SN053","TYT3T","Active","2024-12-25 12:21:23","2024-12-25 12:21:23",NULL
"55","TCM","Diesel","FD100Z8","PT TENARIS HYDRILL","Customer Owned","2020","SN054","TCM10T","Active","2024-12-25 12:21:23","2024-12-25 12:21:23",NULL
"56","TOYOTA","Diesel","8FD30-GENIO","PT JAGUAR ASIA","Customer Owned","2020","SN055","SUKAJADI","Active","2024-12-25 12:21:23","2024-12-25 12:21:23",NULL
"57","TOYOTA","Diesel","8FD30-GENIO","PT JAGUAR ASIA","Customer Owned","2020","SN056","NAGOYA","Active","2024-12-25 12:21:23","2024-12-25 12:21:23",NULL
"58","CAT","Diesel","DP30N","PT SHIBAURA","Customer Owned","2020","SN057","F01","Active","2024-12-25 12:21:23","2024-12-25 12:21:23",NULL
"59","CAT","Diesel","DP30N","PT SHIBAURA","Customer Owned","2020","SN058","SHIBA-F02","Active","2024-12-25 12:21:23","2024-12-25 12:21:23",NULL
"60","CAT","Diesel","DP30N","PT SHIBAURA","Customer Owned","2020","SN059","F03","Active","2024-12-25 12:21:23","2024-12-25 12:21:23",NULL
"61","TOYOTA","Diesel","8FD30","VETCO / BAKER HUGHES","Customer Owned","2020","SN060","VETCOF04","Active","2024-12-25 12:21:23","2024-12-25 12:21:23",NULL
"62","TOYOTA","Diesel","8FD31","VETCO / BAKER HUGHES","Customer Owned","2020","SN061","F10","Active","2024-12-25 12:21:23","2024-12-25 12:21:23",NULL
"63","CAT 16T","Diesel","DP160NT","VETCO / BAKER HUGHES","Customer Owned","2020","SN062","VETCOF02","Active","2024-12-25 12:21:23","2024-12-25 12:21:23",NULL
"64","TOYOTA","Diesel","4T","PT ASTORIA","Customer Owned","2020","SN063","ASTORIA-4","Active","2024-12-25 12:21:23","2024-12-25 12:21:23",NULL
"65","TOYOTA","Diesel","4.5T","PT ASTORIA","Customer Owned","2020","SN064","ASTORIA-45","Active","2024-12-25 12:21:23","2024-12-25 12:21:23",NULL
"66","TOYOTA","Diesel","8FD25","PT EKA SURYA SEJATI","Customer Owned","2020","SN065","ESS-F01","Active","2024-12-25 12:21:23","2024-12-25 12:21:23",NULL
"67","CAT","Diesel","DP50NT","PT HUNTING","Customer Owned","2020","SN066","HUNTING-5T","Active","2024-12-25 12:21:23","2024-12-25 12:21:23",NULL
"68","TOYOTA","Diesel","8FD25","PT EKA SURYA SEJATI","Customer Owned","2020","SN067","ESS-F02","Active","2024-12-25 12:21:23","2024-12-25 12:21:23",NULL
"69","TOYOTA","Diesel","8FD25","PT EKA SURYA SEJATI","Customer Owned","2020","SN068","ESS-F03","Active","2024-12-25 12:21:23","2024-12-25 12:21:23",NULL
"70","CAT","Diesel","DP25N","PT OCEANEERING","Customer Owned","2020","SN069","OCEANE-CATDP25","Active","2024-12-25 12:21:23","2024-12-25 12:21:23",NULL
"71","TOYOTA","Diesel","8FD25","PT GAJAH IZUMI / SANFORD","Customer Owned","2020","SN070","SANFORD-F01","Active","2024-12-25 12:21:23","2024-12-25 12:21:23",NULL
"72","TOYOTA","Diesel","8FD25","PT GAJAH IZUMI / SANFORD","Customer Owned","2020","SN071","SANFORD-F02","Active","2024-12-25 12:21:23","2024-12-25 12:21:23",NULL
"73","TOYOTA","Diesel","8FD25","PT GAJAH IZUMI / SANFORD","Customer Owned","2020","SN072","SANFORD-F03","Active","2024-12-25 12:21:23","2024-12-25 12:21:23",NULL
"74","TOYOTA","Diesel","8FD25","PT INFINEON","Customer Owned","2020","SN073","INFINEON-8FD25","Active","2024-12-25 12:21:23","2024-12-25 12:21:23",NULL
"75","TOYOTA","Diesel","8FD25","PT POH KIN","Customer Owned","2020","SN074","POHKIN-TYT","Active","2024-12-25 12:21:23","2024-12-25 12:21:23",NULL
"76","NISSAN","Diesel","nissan15","PT POH KIN","Customer Owned","2020","SN075","POHKIN-NIS","Active","2024-12-25 12:21:23","2024-12-25 12:21:23",NULL
"77","TOYOTA","Diesel","7FD25","PT PROCHEM TRITAMA","Customer Owned","2020","SN076","PRCHM-7FD25","Active","2024-12-25 12:21:23","2024-12-25 12:21:23",NULL
"78","TOYOTA","Diesel","8FD30","PT ABSO - LIMINDO","Customer Owned","2020","SN077","ABSO-8FD30","Active","2024-12-25 12:21:23","2024-12-25 12:21:23",NULL
"79","TOYOTA","Diesel","8FD25","PT GREENINDO TRITAMA KABIL","Customer Owned","2020","SN078","GTI-8FD25","Active","2024-12-25 12:21:23","2024-12-25 12:21:23",NULL
"80","TOYOTA","Diesel","7FD25","PT EMI","Customer Owned","2020","SN079","EMI-7FD25","Active","2024-12-25 12:21:23","2024-12-25 12:21:23",NULL
"81","KOMATSU","Diesel","FD30T14","PT SUPERPAKINDO","Customer Owned","2020","SN080","SUPERPAK-KOMATSU","Active","2024-12-25 12:21:23","2024-12-25 12:21:23",NULL
"82","TOYOTA","Diesel","8FD25 - 2Z","PT ASTORIA","Customer Owned","2020","SN081","ASTORIA-25","Active","2024-12-25 12:21:23","2024-12-25 12:21:23",NULL
"83","KOMATSU","Diesel","FD30T16","PT SINBA","Customer Owned","2020","SN082","STI-KOMATSU-01","Active","2024-12-25 12:21:23","2024-12-25 12:21:23",NULL
"84","TOYOTA","Diesel","7FD30","PT SINBA","Customer Owned","2020","SN083","STI-TYT-02","Active","2024-12-25 12:21:23","2024-12-25 12:21:23",NULL
"85","CAT","Diesel","DP30N","PT INLINE FLOW SPECIALTY","Customer Owned","2020","SN084","INLINE-3T","Active","2024-12-25 12:21:23","2024-12-25 12:21:23",NULL
"86","NISSAN","Diesel","3T","PT WHIRINDO","Customer Owned","2020","SN085","FGJ02A30","Active","2024-12-25 12:21:24","2024-12-25 12:21:24",NULL
"87","TOYOTA","Diesel","8FD30","PT SURYA TEKNOLOGI BATAM","Customer Owned","2020","SN086","SURTEK-8FD30","Active","2024-12-25 12:21:24","2024-12-25 12:21:24",NULL
"88","TOYOTA","Diesel","8FD30","PT SEFONG INDUSTRI","Customer Owned","2020","SN087","3T","Active","2024-12-25 12:21:24","2024-12-25 12:21:24",NULL
"89","TOYOTA","Diesel","5FD25","PT SUNTECH","Customer Owned","2020","SN088","SUNTECH-01","Active","2024-12-25 12:21:24","2024-12-25 12:21:24",NULL
"90","TOYOTA","Diesel","8FD25","PT SUNTECH","Customer Owned","2020","SN089","3","Active","2024-12-25 12:21:24","2024-12-25 12:21:24",NULL
"91","TOYOTA","Diesel","7FD25","PT MULIA ACETECH","Customer Owned","2020","SN090","MULIAACE-7FD25","Active","2024-12-25 12:21:24","2024-12-25 12:21:24",NULL
"92","TOYOTA","Diesel","8FD30","PT GREENINDO PLASTICTAMA","Customer Owned","2020","SN091","GPI-01","Active","2024-12-25 12:21:24","2024-12-25 12:21:24",NULL
"93","TOYOTA","Diesel","7FD30","PT SINBA","Customer Owned","2020","SN092","STI-TYT-01","Active","2024-12-25 12:21:24","2024-12-25 12:21:24",NULL
"94","TOYOTA","Diesel","8FD25","PT SERAYA MAKMUR PERSADA","Customer Owned","2020","SN093","SRYMKMR-8FD25","Active","2024-12-25 12:21:24","2024-12-25 12:21:24",NULL
"95","LINDE","Electric","MT 16","EPSON LOT 530","Customer Owned","2022","CT1133L67437","HAN PALLET","Active","2024-12-25 12:21:24","2025-01-24 10:40:38",NULL
"96","LINDE","Electric","T20 SP","EPSON LOT 510","Customer Owned","2016","C11158G00852"," PALLET TRUCK NO. 2","Active","2024-12-25 12:21:24","2025-01-24 10:42:26",NULL
"97","LINDE","Electric","L12","EPSON LOT 530","Customer Own","2006","W4X379T02596","Stacker No. 1","Active","2024-12-25 12:21:24","2025-07-22 11:02:25",NULL
"98","CROWN","Electric","RD 5700 S REACH TRUCK","EPSON LOT 509","Customer Owned","2020","1A360920","REACH TRUCK","Active","2024-12-25 12:21:24","2025-01-24 10:12:49",NULL
"100","CROWN  ","Electric","RR 5200 S","EPSON LOT 510","Customer Owned","2020","1A345537 ","REACH TRUCK","Active","2024-12-25 12:21:24","2025-01-24 10:14:34",NULL
"101","LINDE","Electric","T20 SP","EPSON LOT 530","Customer Owned","2015","C11158F01339"," PALLET TRUCK NO. 1","Active","2024-12-25 12:21:24","2025-02-10 10:48:07",NULL
"103","LINDE","Electric","V12","EPSON LOT 530","Customer Owned","2013"," 61X015D00140","Order Picker No. 1","Active","2024-12-25 12:21:24","2025-02-10 10:50:00",NULL
"104","LINDE","Electric","V12","EPSON LOT 530","Customer Owned","2013","61X015D00142","Order Picker No. 2","Active","2024-12-25 12:21:24","2025-02-10 10:51:39",NULL
"105","LINDE","Electric","V12","EPSON LOT 530","Customer Owned","2013","61X015D00146","Order Picker No. 3","Active","2024-12-25 12:21:24","2025-02-10 10:52:36",NULL
"106","LINDE","Electric","A","EPSON LOT 510","Customer Owned","2022","615224L00019"," TRUCK Mandown No. 1","Active","2024-12-25 12:21:24","2025-02-10 10:54:36",NULL
"107","LINDE","Electric","A","EPSON LOT 510","Customer Owned","2022","615224L00020"," TRUCK Mandown No. 2","Active","2024-12-25 12:21:24","2025-02-10 10:55:45",NULL
"108","LINDE","Electric","A","EPSON LOT 509","Customer Owned","2022","615224L00021"," TRUCK Mandown No. 3","Active","2024-12-25 12:21:24","2025-02-10 10:57:27",NULL
"109","LINDE","Electric","A","EPSON LOT 509","Customer Owned","2022","615224L00022","TRUCK Mandown No. 4","Active","2024-12-25 12:21:24","2025-02-10 10:58:28",NULL
"110","LINDE","Electric","A","EPSON LOT 530","Customer Owned","2014","615222E00034","TRUCK Mandown No. 1","Active","2024-12-25 12:21:24","2025-02-10 11:00:01",NULL
"111","LINDE","Electric","A","EPSON LOT 530","Customer Owned","2013","615222D00020","TRUCK Mandown No. 2","Active","2024-12-25 12:21:24","2025-02-10 11:01:20",NULL
"112","LINDE","Electric","T20 SP","EPSON LOT 509","Customer Owned","2017","C11158H00377","PALLET TRUCK NO. 3","Active","2024-12-25 12:21:24","2025-02-10 11:02:48",NULL
"113","NICHIYU","Electric","RFTL 15T-75C-400","TDK STORE","Customer Owned","2020"," 923AD0044","MANDOWN","Active","2024-12-25 12:21:24","2025-02-18 14:25:49",NULL
"114","CROWN","Electric","WP 3020","TDK Panbil 2","Customer Owned","2020","5A808614","PALLET STACKER","Active","2024-12-25 12:21:24","2025-01-24 10:16:08",NULL
"115","CROWN","Electric","WP 2320","TDK Panbil 2","Customer Owned","2020","5A804161","PALLET STACKER","Active","2024-12-25 12:21:24","2025-01-24 10:17:20",NULL
"116","CATTERPILAR","Electric","EP30CA","TDK VKL","Customer Owned","2020","251AC1316","FORKLIFT","Active","2024-12-25 12:21:24","2025-01-22 16:48:09",NULL
"117","CROWN","Electric","WF 3000-1.0","TDK Panbil 2","Customer Owned","2020","5A533156","STACKER","Active","2024-12-25 12:21:24","2025-01-24 10:18:27",NULL
"118","JUNGHEINRICH","Electric","EKX 513","TDK STORE","Customer Owned","2020","FN495272","Man Up","Active","2024-12-25 12:21:24","2025-01-24 10:23:26",NULL
"119","JUNGHEINRICH","Electric","EJE 120","TDK STORE","Customer Owned","2020","FN914027","PALLET STACKER","Active","2024-12-25 12:21:24","2025-01-24 10:24:29",NULL
"120","BRAVIISOL","Electric","LUI MINI S.K","TDK STORE","Customer Owned","2020","MSK20141207","MINI PICKER","Active","2024-12-25 12:21:24","2025-01-22 16:46:08",NULL
"121","JUNGHEINRICH","Electric","EFG 430 K","TDK STORE","Customer Owned","2020","FN522346","FORKLIFT","Active","2024-12-25 12:21:24","2025-01-24 10:25:30",NULL
"122","JUNGHEINRICH","Electric","EKM 202 MINI PICKER","TDK STORE","Customer Owned","2020","91651008","MINI PICKER","Active","2024-12-25 12:21:24","2025-01-24 10:26:42",NULL
"123","JUNGHEINRICH","Electric","EJE 120 n","TDK STORE","Customer Owned","2020","FN975851","PALLET STACKER","Active","2024-12-25 12:21:24","2025-01-24 10:27:44",NULL
"124","BRAVIISOL","Electric","LUI MINI S.K","TDK VKL","Customer Owned","2020","MSK20151097","MSK20151097","Active","2024-12-25 12:21:24","2025-01-22 16:46:49",NULL
"125","JUNGHEINRICH","Electric","EKM 202","TDK VKL","Customer Owned","2020","91651004","MINI PICKER","Active","2024-12-25 12:21:24","2025-01-24 10:28:34",NULL
"126","JUNGHEINRICH","Electric","EJE M15","TDK VKL","Customer Owned","2020","FN927518","PALLET STACKER","Active","2024-12-25 12:21:24","2025-01-24 10:29:28",NULL
"127","JUNGHEINRICH","Electric","EJC 216","TDK VKL","Customer Owned","2020","90645823","STACKER","Active","2024-12-25 12:21:24","2025-01-24 10:31:52",NULL
"128","JUNGHEINRICH","Electric","EJC 216","TDK VKL","Customer Owned","2020","90558603","STACKER","Active","2024-12-25 12:21:24","2025-01-24 10:32:43",NULL
"129","LINDE","Electric","L14 AS","TDK VKL","Customer Owned","2020","W4X131C02754","STACKER","Active","2024-12-25 12:21:24","2025-02-10 11:03:45",NULL
"130","CAT","Diesel","DP25NT","PT INFINEON","Customer Owned","2020","SN127","INFINEON-DP25NT","Active","2024-12-25 12:21:24","2024-12-25 12:21:24",NULL
"131","LINDE ","Electric","E16 C","PT DAIHO","PS Rent","2016","C11275G00424","PS 424","Active","2024-12-25 12:21:24","2025-02-10 11:05:16",NULL
"132","TYRE PRESS","Manual","TYRE PRESS","TYRE PRESS LABOUR / PRESS BAN JASA","TYRE PRESS LABOUR","2020","SN129","TYRE PRESS","Active","2024-12-25 12:21:24","2024-12-25 12:21:24",NULL
"133","TOYOTA","Diesel","8FD25","PT EKA SURYA MANDIRI SUNGAI PANAS","Customer Owned","2020","SN130","EKASURYA-8FD25","Active","2024-12-25 12:21:24","2024-12-25 12:21:24",NULL
"134","LINDE","Electric","E 16 C","SCHNEIDER LOT 4","PS Rent","2019","C11275V00441","C11275V00441","Active","2024-12-25 12:21:24","2025-01-16 11:01:18",NULL
"138","TEST BRAND","Diesel","TEST TYPE","INPUT TEST","PS Workshop","2020","SN132","TEST ID 1","Active","2024-12-25 12:21:24","2025-03-07 13:25:40","2025-03-07 13:25:40"
"140","LINDE","Electric","L12","EPSON LOT 530","Customer Own","2023","C21169M00458","Stacker No. 2","Active","2024-12-25 12:21:24","2025-03-18 15:37:38",NULL
"141","LINDE","Electric","E 16 C","WORKSHOP","PS Own","2010","CIX335A02431","PS 431","Active","2024-12-25 12:21:24","2025-05-20 16:36:47",NULL
"142","TOYOTA","Diesel","8FD25","PT SUNTECH","Customer Owned","2020","SN135","SUNTECH-F04","Active","2024-12-25 12:21:24","2024-12-25 12:21:24",NULL
"143","LINDE","Electric","E 16C-03","EPSON LOT 509 510","PS Rent","2015","C1X335F00888","PS 888","Active","2024-12-25 12:21:24","2025-02-10 11:07:13",NULL
"144","LINDE","Electric","E 20 PH","VOLEX Line","PS Own","2021","C11275H04533","PS  533","Active","2024-12-25 12:21:24","2025-04-04 15:51:51",NULL
"145","SUMITOMO","Electric","8FBR13","PEGAUNIHAN LOT 2","Customer Owned","2020","R1H-19084","REACH TRUCK","Active","2024-12-25 12:21:24","2025-02-18 14:30:07",NULL
"146","LINDE","Electric","R14 S","DWI ANTAR BENUA","PS Rent","2020","C1X115J00704","PS 704","Active","2024-12-25 12:21:24","2025-02-10 11:08:56",NULL
"147","LINDE","Electric","R20 S - 12","SNL","Customer Owned","2013","H2X115D01070","REACH TRUCK 070","Active","2024-12-25 12:21:24","2025-02-17 11:11:30",NULL
"148","TOYOTA","Diesel","5FD30","PT SUNTECH","Customer Owned","2020","SN141","SUNTECH-F02","Active","2024-12-25 12:21:24","2024-12-25 12:21:24",NULL
"155","LINDE","Electric","E 16C-03","EPSON LOT 530","PS Rent","2015","CIX335F00887","PS 887","Active","2024-12-25 12:21:24","2025-02-24 10:29:06",NULL
"156","LINDE","Electric","E 16C PS 435","PT FROZEN KING","PS Workshop","2020","CIX335A02435","PS 435","Active","2024-12-25 12:21:24","2025-10-28 09:47:21",NULL
"157","LINDE","Diesel","CPCD B11233","PT WARLBOR","Customer Owned","2020","SN144","PMC 01","Active","2024-12-25 12:21:24","2024-12-25 12:21:24",NULL
"158","LINDE","Diesel","CPCD B11233","PT WARLBOR","Customer Owned","2020","SN145","PMC 02","Active","2024-12-25 12:21:24","2024-12-25 12:21:24",NULL
"159","LINDE","Diesel","CPCD B11233","PT WARLBOR","Customer Owned","2020","SN146","PMC 03","Active","2024-12-25 12:21:24","2024-12-25 12:21:24",NULL
"160","LINDE","Diesel","HT25DS","PT FANTASTIK TUNAS","Customer Owned","2020","SN147","FANTASTIK-LINDE","Active","2024-12-25 12:21:24","2024-12-25 12:21:24",NULL
"161","TOYOTA","Diesel","6FD15","PT GREENINDO TRITAMA KABIL","Customer Owned","2020","SN148","GTI-6FD15","Active","2024-12-25 12:21:24","2024-12-25 12:21:24",NULL
"162","LINDE","Electric","E 16C-03 PS 021","PT WOHLRAB","PS Rent","2020","SN149","CIX335F00021","Active","2024-12-25 12:21:24","2024-12-25 12:21:24",NULL
"163","LINDE","Electric","E 16C","ALCOTRAINDO","PS Rent","2011","CIX335B01899","PS 899","Active","2024-12-25 12:21:24","2025-01-24 10:37:43",NULL
"164","TOYOTA","Diesel","7FD30","PT APIPA","Customer Owned","2020","SN151","APIPA-7FD30","Active","2024-12-25 12:21:24","2024-12-25 12:21:24",NULL
"165","NISSAN","Diesel","NISSAN","PT STAINLESS JAYA MAKMUR","Customer Owned","2020","SN152","STNLSSJYMKMR-1","Active","2024-12-25 12:21:24","2024-12-25 12:21:24",NULL
"166","TOYOTA","LPG","5FG15","PT EKA SURYA - LIMINDO","Customer Owned","2020","SN153","EKASURYA-5FG15","Active","2024-12-25 12:21:24","2024-12-25 12:21:24",NULL
"167","TOYOTA","Diesel","8FD30","PT OCEANEERING","Customer Owned","2020","SN154","OCEANE-8FD30","Active","2024-12-25 12:21:24","2024-12-25 12:21:24",NULL
"168","LINDE","Electric","E 16 C-03","VARTA","PS Rent","2015","C1X335F00899","PS 899","Active","2024-12-25 12:21:24","2025-01-24 10:38:40",NULL
"169","LINDE","Electric","L 12","VARTA","Customer Owned","2020","C11169J00941","STACKER","Active","2024-12-25 12:21:24","2025-02-10 11:07:58",NULL
"170","LINDE","Electric","L 12","VARTA","Customer Owned","2020","379H07313812","STACKER","Active","2024-12-25 12:21:24","2025-02-10 11:11:50",NULL
"171","LINDE","Electric","L 12","VARTA LOT 23","Customer Owned","2020","W4X379Z00946","STACKER","Active","2024-12-25 12:21:24","2025-02-10 11:12:35",NULL
"173","NICHIYU","Electric","RFTL12T-80","DAIHO","Customer Owned","2020","922E-00465","MANDOWN NO.4","Active","2024-12-25 12:21:24","2025-02-18 14:26:49",NULL
"174","TOYOTA","Diesel","8FD30","PT BTG","Customer Owned","2020","SN160","01","Active","2024-12-25 12:21:24","2024-12-25 12:21:24",NULL
"175","CAT","Diesel","DP30ND","PT BTG","Customer Owned","2020","SN161","03 / OXYGEN","Active","2024-12-25 12:21:24","2024-12-25 12:21:24",NULL
"176","CAT","Diesel","DP30ND","PT BTG","Customer Owned","2020","SN162","04 / ARGON","Active","2024-12-25 12:21:24","2024-12-25 12:21:24",NULL
"177","LONG GONG","Diesel","CTC35-ER15","PT SUPERPOWER SOLAR","Customer Owned","2020","SN163","SPPWR-LONGGONG1","Active","2024-12-25 12:21:24","2024-12-25 12:21:24",NULL
"178","TOYOTA","LPG","5FG15","PT HARADA CAMMO","Customer Owned","2020","SN164","HARADA-5FG15","Active","2024-12-25 12:21:24","2024-12-25 12:21:24",NULL
"179","NICHIYU","Electric","RFTL12T-80","DAIHO","Customer Owned","2020","922E-00466","MANDOWN NO.3","Active","2024-12-25 12:21:24","2025-02-18 14:27:46",NULL
"180","LINDE","Diesel","HT30","PT WARLBOR","Customer Owned","2020","SN166","PROD 1","Active","2024-12-25 12:21:24","2024-12-25 12:21:24",NULL
"181","BYD","Diesel","P3OPS-VII","PT Mega Solar","Customer Owned","2020","SN167","13101230164","Active","2024-12-25 12:21:24","2025-01-24 10:09:24",NULL
"182","STOCKY","Electric","#S02-02-FEP20SE","SUPERPAKINDO","Customer Owned","2020","EPT23200405/009","Pallet Stacker","Active","2024-12-25 12:21:24","2025-02-18 14:28:51",NULL
"183","CROWN","Electric","RR5700 SERIES","SUPERPAKINDO","Customer Owned","2020","1A436159","REACH TRUCK","Active","2024-12-25 12:21:24","2025-01-24 10:19:47",NULL
"184","KOMATSU","Diesel","UNDEFINED","PT SINAR SINDO","Customer Owned","2020","SN170","SNRSND-1","Active","2024-12-25 12:21:24","2024-12-25 12:21:24",NULL
"185","LINDE","Electric","R14 S REACH TRUCK","WORKSHOP","PS Own","2018","C1X115F01494","PS 494","Active","2024-12-25 12:21:24","2025-08-04 09:31:22",NULL
"186","TOYOTA","Electric","R20","PT SNL","Customer Owned","2020","SN172","7FBR2011798","Active","2024-12-25 12:21:24","2024-12-25 12:21:24",NULL
"187","TOYOTA","Electric","7FBA REACH TRUCK","POH KIN INDONESIA","Customer Owned","2020","SN173","7FBA","Active","2024-12-25 12:21:24","2024-12-25 12:21:24",NULL
"188","LINDE","Electric","E25S","VOLEX Receiving","PS Own","2023","C11276J01470","PS 470","Active","2024-12-25 12:21:24","2025-04-04 15:49:09",NULL
"189","LINDE","Electric","E30S","WORKSHOP","PS Workshop","2020","C11276G00304","PS 304","Active","2024-12-25 12:21:24","2025-02-10 11:10:32",NULL
"190","LINDE","Electric","E25S","VOLEX Receiving","PS Own","2023","C11276J01468","PS 468","Active","2024-12-25 12:21:24","2025-04-04 15:48:26",NULL
"191","LINDE","Electric","E25 S","VOLEX Shipping","PS Own","2023","C11276J01469","PS 469","Active","2024-12-25 12:21:24","2025-04-04 15:52:52",NULL
"192","JUNGHEINRICH","Manual","AM22","PT SCHENEIDER","Customer Owned","2020","15108726A","HANDJACK","Active","2024-12-25 12:21:24","2025-01-24 10:34:09",NULL
"193","JUNGHEINRICH","Manual","AM22","PT SCHENEIDER","Customer Owned","2020","1505179","HANDJACK","Active","2024-12-25 12:21:24","2025-01-24 10:35:10",NULL
"194","JUNGHEINRICH","Manual","AM22","PT SCHENEIDER","Customer Owned","2020","15108726B","HANDJACK","Active","2024-12-25 12:21:24","2025-01-24 10:36:05",NULL
"195","LINDE","Electric","R16S","PEGAUNIHAN","Customer Owned","2020","C24115L02708","REACH TRUCK 708","Active","2024-12-25 12:21:24","2025-02-19 11:02:51",NULL
"196","LINDE","Electric","R16S","PEGAUNIHAN","Customer Owned","2020","C24115L02715","REACH TRUCK","Active","2024-12-25 12:21:24","2025-02-10 11:18:50",NULL
"197","LINDE","Electric","R16S","PEGAUNIHAN","Customer Owned","2020","C24115L02707","REACH TRUCK","Active","2024-12-25 12:21:24","2025-02-10 11:19:38",NULL
"198","LINDE","Electric","E16C","PEGAUNIHAN","Customer Owned","2020","C11275X00223","FORKLIFT 223","Active","2024-12-25 12:21:24","2025-04-17 09:29:48",NULL
"199","BAOLI S3","Electric","KBP15-S3","EPSON LOT 508","Customer Owned","2024","BT6158N01982","Pallet Stacker 982","Active","2024-12-25 12:21:24","2025-02-18 09:26:35",NULL
"200","BAOLI S3","Electric","KBP15-S3","EPSON LOT 508","Customer Own","2024","BT6158N01983","Pallet Stacker 983","Active","2024-12-25 12:21:24","2025-06-26 14:29:50",NULL
"201","GUT","Electric","CPD20L1 FORKLIFT E02","INFINEON BAT 1","Customer Owned","2020","SN187","2311600614","Active","2024-12-25 12:21:24","2024-12-25 12:21:24",NULL
"202","DEMAG MHE","Electric","MEL-425AC-E-1200-3000F","ALCON CIBA VISION","Customer Owned","2020","FFE127150290","FORKLIFT","Active","2024-12-25 12:21:24","2025-01-24 10:21:59",NULL
"203","CROWN","Electric","FC 4500 S","GAJAH IZUMI MAS PERKASA","Customer Owned","2020","9A199200","FORKLIFT","Active","2024-12-25 12:21:24","2025-01-24 10:20:52",NULL
"204","LINDE","Electric","R16S","PEGAUNIHAN","Customer Own","2020","C2X115401897","REACH TRUCK 897","Active","2024-12-25 12:21:24","2025-04-28 15:41:56",NULL
"205","LINDE","Diesel","HT30","PT WARLBOR","Customer Owned","2020","SN191","F 06","Active","2024-12-25 12:21:24","2024-12-25 12:21:24",NULL
"206","CAT","Diesel","DP30ND","PT BTG","Customer Owned","2020","SN192","REPAIR DEPT","Active","2024-12-25 12:21:24","2024-12-25 12:21:24",NULL
"207","test brand","Diesel","test type","loc test","own test","2024","sntest","eqtest","Active","2024-12-27 09:20:03","2025-03-07 13:25:53","2025-03-07 13:25:53"
"208","LINDE","Electric","E 16C - 03","CV SEJAHTERA","Customer Owned","2013","C1X335D00760","FORKLIFT","Active","2024-12-30 08:13:44","2024-12-30 08:18:04",NULL
"209","LINDE","Electric","R18SP-02","WALBOR INT IND","Customer Owned","2022","C21123l00173","Reach Truck-r18","Active","2025-01-09 16:23:19","2025-01-09 16:23:19",NULL
"210","SIAT MAILIS","Electric","15-EM","EPSON LOT 530","Customer Owned","2010","230710","MESIN WRAPPING-530","Active","2025-01-15 11:17:03","2025-01-15 11:17:03",NULL
"211","SIAT MAILIS","Electric","L-16-M","EPSON LOT 510","Customer Owned","2018","PRJ0010000068500130","MESIN WRAPPING-510","Active","2025-01-15 11:18:49","2025-01-15 11:18:49",NULL
"212","SIAT MAILIS","Electric","16-PW-44CF+","EPSON LOT 509","CUSTOMER OWNED","2016","SWSEMIAUTO050550005","MESIN WRAPPING-509","Active","2025-01-15 11:20:45","2025-01-15 11:20:45",NULL
"213","LINDE","Electric","R20 S - 12","SNL","CUSTOMER OWNED","2013","H2X115D01099","REACH TRUCK 099","Active","2025-01-15 16:36:06","2025-02-17 11:12:07",NULL
"214","LINDE","Electric","T20AP-04","VOLEX Receiving","PS Own","2020","C11158E01432","PS 432","Active","2025-01-15 16:37:42","2025-04-04 15:50:20",NULL
"215","LINDE","Electric","E 16 C","VOLEX Line","PS Own","2021","C11275H01720","PS 720","Active","2025-01-17 11:21:23","2025-04-04 15:51:07",NULL
"216","TOTAL LIFTER","Manual","CBD 25","EPSON LOT 530","Customer Owned","2010","16062082/053","HANDJACK R 02","Active","2025-01-17 15:25:02","2025-01-17 15:25:02",NULL
"217","TOTAL LIFTER","Manual","CBD 25","EPSON LOT 510","Customer Owned","2016","13082082/029","HANDJACK NO.6","Active","2025-01-17 15:26:29","2025-01-17 15:26:29",NULL
"218","LINDE","Electric","E 16 C","ALCOTRAINDO","PS Rent","2017","C11275H04240","PS 240","Active","2025-01-18 11:27:21","2025-02-24 10:35:57",NULL
"219","LINDE","Electric","E 16 C","VOLEX Shipping","PS Own","2021","C11275G00486","PS 486","Active","2025-01-18 11:33:27","2025-04-04 15:53:55",NULL
"220","LINDE","Electric","E 16 C","PEGAUNIHAN LOT 2","PS Own","2021","C11275G01634","PS 634","Active","2025-01-18 11:34:28","2025-06-04 15:56:33",NULL
"221","KRISBOW","Electric","10209539","PT INFINEON","Customer Owned","2019","45190100009","KERETA LISTRIK","Active","2025-01-24 11:06:12","2025-01-24 11:06:12",NULL
"222","LINDE","Electric","E 16 C","PEGAUNIHAN","Customer Owned","2020","C11275X02603","FORKLIFT 603","Active","2025-02-03 16:47:27","2025-02-24 13:06:02",NULL
"223","TOYOTA","Electric","8FBN25","SEIWA KINZOKU INDONESIA","Customer Owned","2015","8FBN25 - 14982","FORKLIFT","Active","2025-02-04 16:21:37","2025-02-04 16:21:37",NULL
"224","LINDE","Electric","R16S","PEGAUNIHAN","Customer Owned","2021","C2X115Y02098","REACH TRUCK 098","Active","2025-02-07 11:07:33","2025-02-19 11:03:15",NULL
"225","TOYOTA","Electric","8FBR15","CASCO","CUSTOMER OWNED","2020","8FBR15 - 24341","REACH TRUCK","Active","2025-02-10 10:43:40","2025-02-10 10:43:40",NULL
"226","Toyota","Electric","7FBR18","PT PRIMA SARI JAYA","Customer Owned","2012","7FBR18-15786","Reach Truck","Active","2025-02-11 11:18:55","2025-02-11 11:18:55",NULL
"227","TOYOTA","Electric","8FBRN25","PT MARVIN","Customer Owned","2019","8FBRN25-34169","FORKLIFT","Active","2025-02-14 14:17:33","2025-02-14 14:17:33",NULL
"228","LINDE","Electric","E 15 C","PPS","Customer Owned","2006","C1X332R00041","FORKLIFT","Active","2025-02-15 10:09:39","2025-02-15 10:09:39",NULL
"229","TOTAL LIFTER","Manual","CBD 30","EPSON LOT 530","Customer Owned","2017","17042082/037","HANDJACK P 02","Active","2025-02-18 14:19:02","2025-02-18 14:19:02",NULL
"230","NICHIYU","Electric","RFTL12T-80","DAIHO","Customer Owned","2020","922E-01193","MANDOWN NO.2","Active","2025-02-18 14:59:33","2025-02-18 14:59:33",NULL
"231","LINDE","Diesel","HT 30 /CPCD","PT WALBOR","Customer Owned","2023","B11233M50098","PMC 05","Active","2025-02-19 10:25:48","2025-02-19 10:25:48",NULL
"232","LINDE","Diesel","HT 30 / CPCD","PT WALBOR","Customer Owned","2023","B11233M50099","FORKLIFT","Active","2025-02-19 10:26:58","2025-02-19 10:26:58",NULL
"233","TOYOTA","Electric","7FBR13","PT EVERWOOD","Customer Owned","2021","7FBR13-10826","REACH TRUCK","Active","2025-02-21 09:34:12","2025-02-21 09:34:12",NULL
"234","ZEHN","Manual","HAND PALLET TRUCK","VOLEX","Customer Owned","2020","4085155","HANDJACK","Active","2025-02-21 09:39:02","2025-02-21 09:40:17",NULL
"235","ZEHN","Manual","HAND PALLET TRUCK","VOLEX","Customer Owned","2020","4865383","HANDJACK 383","Active","2025-02-21 09:44:04","2025-02-21 09:45:06",NULL
"236","TOTAL LIFTER","Manual","HAND PALLET TRUCK","VOLEX","Customer Owned","2020","19324","HANDJACK","Active","2025-02-21 09:48:57","2025-02-21 09:48:57",NULL
"237","tes","Instruments & Tools","123","123","123","2023","123","123","Active","2025-02-25 11:50:39","2025-02-25 11:50:39",NULL
"238","MENICS AUTONICS","Instruments & Tools","BX SERIES","EPSON LOT 530","Customer Owned","2015","BX15M-TDT2LOT530120","SENSOR RACK No. 1 - 20","Active","2025-02-25 14:22:08","2025-02-25 14:22:08",NULL
"239","MENICS AUTONICS","Instruments & Tools","BX SERIES","EPSON LOT 530","Customer Owned","2015","BX15M-TDT2LOT5302140","SENSOR RACK No. 21 - 40","Active","2025-02-25 14:24:03","2025-02-25 14:24:03",NULL
"240","MENICS AUTONICS","Instruments & Tools","BX SERIES","EPSON LOT 530","Customer Owned","2015","BX15M-TDT2LOT5304160","SENSOR RACK No. 41 - 60","Active","2025-02-25 14:25:31","2025-02-25 14:25:31",NULL
"241","MENICS AUTONICS","Instruments & Tools","BX SERIES","EPSON LOT 530","Customer Owned","2019","BX15M-TDT2LOT5306171","SENSOR RACK No. 61 - 71","Active","2025-02-25 14:26:52","2025-02-25 14:26:52",NULL
"242","MENICS AUTONICS","Instruments & Tools","BX SERIES","EPSON LOT 509","Customer Owned","2023","BX15M-TDT2LOT509120","SENSOR RACK No. 1 - 22","Active","2025-02-25 14:27:58","2025-02-25 14:32:37",NULL
"243","MENICS AUTONICS","Instruments & Tools","BX SERIES","EPSON LOT 509 510","Customer Owned","2023","BX15M-TDT2LOT5095102344","SENSOR RACK No. 23 - 44","Active","2025-02-25 14:29:51","2025-02-25 14:29:51",NULL
"244","MENICS AUTONICS","Instruments & Tools","BX SERIES","EPSON LOT 510","Customer Owned","2023","BX15M-TDT2LOT5104566","SENSOR RACK No. 45 - 66","Active","2025-02-25 14:31:39","2025-02-25 14:31:39",NULL
"245","Heli","Diesel","cpcd-35-xc29k","Teckno Dua Kabil","Customer Owned","2022","01035B1522","01035B1522","Active","2025-02-26 15:57:03","2025-02-26 15:57:03",NULL
"246","LINDE","Electric","L12","PT NOK","Customer Own","2011","711172B07029","711172B07029","Active","2025-03-04 14:50:41","2025-03-04 14:50:41",NULL
"247","KRISBOW","Manual","STACKER MANUAL","PT VOLEX","Customer Own","2024","24077777/283T","24077777/283T","Active","2025-03-04 14:54:40","2025-03-04 14:54:40",NULL
"248","KRISBOW","Manual","STACKER MANUAL","PT VOLEX","Customer Own","2024","24077777/282T","24077777/282T","Active","2025-03-04 14:58:58","2025-03-04 14:58:58",NULL
"249","OKUDAYA GIKEN","Manual","STACKER MANUAL","PT VOLEX","Customer Own","2020","B3714034","B3714034","Active","2025-03-04 15:02:55","2025-03-04 15:02:55",NULL
"250","TOTAL LIFTER","Manual","CBD25","EPSON LOT 530","Customer Own","2022","J22012082-2/087","HANDJACK P05","Active","2025-03-06 10:40:04","2025-03-06 10:40:04",NULL
"251","testbran","Diesel","testtype","testloca","Customer Own","2025","testsn","testeq","Active","2025-03-07 13:26:22","2025-03-07 13:26:37",NULL
"252","LINDE","Manual","M25","PNBC","Customer Own","2016","HTX032G01712","HANDJACK 712","Active","2025-03-11 15:10:57","2025-03-11 15:10:57",NULL
"254","LINDE","Electric","E 16 C","PEGAUNIHAN","Customer Own","2020","C11275X02604","FORKLIFT 604","Active","2025-03-21 15:38:03","2025-03-21 15:38:03",NULL
"255","TOTAL LIFTER","Manual","CBD30","EPSON LOT 508","Customer Own","2020","J20052082-1/076","HANDJACK 076","Active","2025-03-21 15:45:34","2025-03-21 15:45:34",NULL
"256","TOYOTA","Electric","7FBR18","PT POHKIN","Customer Own","2011","7FBR18-13664","REACH TRUCK 664","Active","2025-03-22 10:12:33","2025-03-22 10:12:33",NULL
"257","KRISBOW","Manual","HPT","PT SUPERPAKINDO","Customer Own","2020","4364238","HANDJACK 238","Active","2025-03-25 16:25:15","2025-03-25 16:25:15",NULL
"258","OPK","Manual","DL-350","EPSON LOT 508","Customer Own","2022","M-C9149720","DRUM PORTER","Active","2025-03-25 16:30:05","2025-03-25 16:30:05",NULL
"259","BLUE GIANT","Instruments & Tools","TL85","ALCON LOT 205","Customer Own","2010","430386. 1-01","Dock Lock Container No. 1","Active","2025-03-26 15:07:54","2025-03-26 15:07:54",NULL
"260","BLUE GIANT","Instruments & Tools","TL85","ALCON LOT 205","Customer Own","2010","430386. 1-02","Dock Lock Container No. 2","Active","2025-03-26 15:09:08","2025-03-26 15:09:08",NULL
"261","DEMAG","Electric","MFL-425AL-E-1200-3000F","ALCON LOT 210","Customer Own","2010","FE127200394","FORKLIFT 210","Active","2025-03-26 15:11:17","2025-03-26 15:11:17",NULL
"262","KOMATSU","Electric","FB15RL-15","ALCON LOT 205","Customer Own","2016","M272 - 156320","REACH TRUCK 205","Active","2025-03-26 15:13:21","2025-03-26 15:13:21",NULL
"263","HYSTER","Electric","P2.0UT","ALCON LOT 204","Customer Own","2010","A3B0H02723Y","Hand Pallet Truck Electrical","Active","2025-03-26 15:15:21","2025-03-26 15:15:21",NULL
"264","HATOWER","Electric","23101001EW20F","ALCON LOT 205","Customer Own","2010","202312001","Hand Pallet Truck Electrical 205","Active","2025-03-26 15:17:06","2025-03-26 15:17:06",NULL
"265","DEMAG","Instruments & Tools","CZB5C-D48/80","ALCON LOT 205","Customer Own","2010","812000731805001","CHARGER FORKLIFT 205","Active","2025-03-26 15:18:59","2025-03-26 15:18:59",NULL
"266","KOMATSU","Instruments & Tools","RG-T 48-60","ALCON LOT 205","Customer Own","2010","304542","CHARGER REACH TRUCK 205","Active","2025-03-26 15:20:26","2025-03-26 15:20:26",NULL
"267","DEMAG","Instruments & Tools","CZB5C-D48/90","ALCON LOT 210","Customer Own","2010","812000731805001/210","CHARGER FORKLIFT 210","Active","2025-03-26 15:22:12","2025-03-26 15:22:12",NULL
"268","ROBOPAC","Instruments & Tools","M/C ROTO Plat 12","ALCON LOT 205","Customer Own","1996","023186","MESIN WRAPPING NO. 1","Active","2025-03-26 15:24:07","2025-03-26 15:24:07",NULL
"269","ROBOPAC","Instruments & Tools","ROTOFLAT 107.1 FRD","ALCON LOT 205","Customer Own","2010","30128763","MESIN WRAPPING NO.2","Active","2025-03-26 15:25:49","2025-03-26 15:25:49",NULL
"270","LINDE","Electric","L12","CASCO","Customer Own","2013","C11169000603","STACKER 603","Active","2025-04-17 09:34:04","2025-04-17 09:34:04",NULL
"271","TOTAL LIFTER","Manual","CBD25","EPSON LOT 510","Customer Own","2018","J18122082-1/100","HANDJACK NO.10","Active","2025-04-25 16:19:10","2025-04-25 16:19:10",NULL
"272","TOYOTA","Electric","7FBR15","SNL","Customer Own","2017","70412","REACH TRUCK 412","Active","2025-04-28 14:29:41","2025-04-28 14:29:41",NULL
"273","LINDE","Electric","E 15 C","PT. INDOGABEN SUKSES PERKASA","Customer Own","2004","C1X322R00723","FORKLIFT 723","Active","2025-05-06 09:44:35","2025-05-06 09:44:35",NULL
"274","LINDE","Electric","E30B-01","EPSON LOT 508","Customer Own","2024","C31294N00733","FORKLIFT 508","Active","2025-05-06 10:24:03","2025-05-06 10:24:03",NULL
"275","DMC","Manual","CX25","EPSON LOT 508","Customer Own","2010","000","HANDJACK DMC","Active","2025-05-10 10:00:50","2025-05-10 10:00:50",NULL
"276","JUNGHEINRICH","Manual","AM 22","EPSON LOT 508","Customer Own","2018","15051780N","HANDJACK 780N","Active","2025-05-10 10:01:51","2025-05-10 10:01:51",NULL
"277","KRISBOW","Manual","HPT","PT VOLEX","Customer Own","2020","050396-0102-0124","HANDJACK 102","Active","2025-05-13 16:39:19","2025-05-13 16:39:19",NULL
"278","KRISBOW","Manual","HPT","PT VOLEX","Customer Own","2020","050398-0162-0124","HANDJACK 162","Active","2025-05-13 16:40:24","2025-05-13 16:40:24",NULL
"279","LINDE","Electric","R16S","PEGAUNIHAN LOT 13B","Customer Own","2022","c24115102716","REACH TRUCK 2716","Active","2025-05-19 16:20:29","2025-05-19 16:20:29",NULL
"280","LINDE","Electric","T20 AP-04","PEGAUNIHAN LOT 13B","Customer Own","2022","C21158L00720","PALLET TRUK 0720","Active","2025-05-19 16:22:11","2025-05-19 16:22:11",NULL
"281","test","Electric","type","PEGAUNIHAN","Customer Own","2021","HTX032G0171299","FORKLIFT test","Active","2025-05-20 14:07:50","2025-05-20 14:07:50",NULL
"282","LINDE","Electric","R14s","PEGAUNIHAN lot 2","Customer Own","2017","C1X115H00323","REACH TRUCK 323","Active","2025-05-21 13:29:23","2025-05-21 13:34:35",NULL
"283","LINDE","Electric","R16S","PEGAUNIHAN Sekupang","Customer Own","2022","C2Y115L02708","REACH TRUCK 2708","Active","2025-05-21 13:30:58","2025-05-21 13:30:58",NULL
"284","LINDE","Electric","R16S","PEGAUNIHAN Sekupang","Customer Own","2022","C2Y115L02707","REACH TRUCK 2707","Active","2025-05-21 13:32:48","2025-05-21 13:32:48",NULL
"285","LINDE","Electric","R16S","PEGAUNIHAN Sekupang","Customer Own","2022","C2Y115L02715","REACH TRUCK 2715","Active","2025-05-21 13:33:46","2025-05-21 13:33:46",NULL
"286","BT","Electric","SPE 160L","SCANJET","Customer Own","2005","9006971","REACH TRUCK 6971","Active","2025-05-22 15:14:24","2025-05-22 15:14:24",NULL
"287","TOYOTA","Diesel","FDZN25","PT ADHI MUKTI PERSADA","Customer Own","2020","FDZN25-27557","FORKLIFT 01","Active","2025-05-23 09:04:10","2025-05-23 09:04:10",NULL
"288","LINDE","Electric","E25 S","PT VOLEX Sekupang","PS Own","2023","C11276J01 469","FORKLIFT 469","Active","2025-05-24 11:15:51","2025-05-24 11:15:51",NULL
"289","LINDE","Electric","E16C","VOLEX Sekupang","PS Own","2021","C11275 600468","FORKLIFT 486","Active","2025-05-24 11:17:23","2025-05-24 11:19:59",NULL
"290","JUNGHEINRICH","Electric","EJC 165-115-310","PT. Infineon ","Customer Own","1996","80441090","27603","Active","2025-05-26 16:29:01","2025-05-26 16:30:18",NULL
"291","LINDE","Electric","T20 AP- 04","PT. Volex","PS Own","2020","C11158 E01 314","FORKLIFT 314","Active","2025-05-26 16:42:41","2025-05-26 16:42:41",NULL
"292","TOTAL LIFTER","Manual","CBD25","PT. Seiwa Kinzoku Indonesia","Customer Own","2016","16112062/229","HANDJACK  229","Active","2025-05-30 14:54:04","2025-05-30 14:54:04",NULL
"293","LINDE","Electric","A","PT. EPSON lot 530","Customer Own","2013","615 222 D00020","Mandown no. 2","Retired","2025-06-02 15:20:15","2025-07-01 09:50:11",NULL
"294","LINDE","Electric","A","PT. EPSON lot 530","Customer Own","2014","615 222 E000 34","Mandown no.1 ","Active","2025-06-03 16:12:19","2025-06-03 16:12:19",NULL
"295","MICHIYU","Electric","RFTL12T-80","PT. DAIHO","Customer Own","2010","922E - 00466","Mandown 80","Active","2025-06-09 16:28:02","2025-06-09 16:28:02",NULL
"296","MICHIYU","Electric","RFTL 12T - 80","PT. DAIHO","Customer Own","2010","922E - 00465","Mandown 465","Active","2025-06-09 16:29:56","2025-06-09 16:29:56",NULL
"297","MICHIYU","Electric","RFTL12T - 80","PT. DAIHO","Customer Own","2010","922E - 01193","Mandown 193","Active","2025-06-09 16:31:46","2025-06-09 16:31:46",NULL
"298","LINDE","Electric","E 16 C","PEGAUNIHAN","PS Own","2020","C111275X00222","FORKLIFT 0222","Active","2025-06-11 14:46:50","2025-06-11 14:46:50",NULL
"299","LINDE","Electric","E16C","PT. PEGAUNIHAN","PS Own","2020","C11275 X02603","FORKLIFT 2603","Active","2025-06-11 14:56:42","2025-06-11 14:56:42",NULL
"300","ENERGIC PLUS","Instruments & Tools","RXM24-60","EPSON LOT 510","Customer Own","2015","443654","CHARGER P.TRUCK 510","Active","2025-06-14 10:20:08","2025-06-14 10:20:08",NULL
"301","BAS","Instruments & Tools","SDC TP_ECP 48/140T","EPSON LOT 510","Customer Own","2022","YA0060","CHARGER MANDOWN NO.2 510","Active","2025-06-14 10:24:52","2025-06-14 10:24:52",NULL
"302","BAS","Instruments & Tools","SDC TP_ECP 48/140T","EPSON LOT 510","Customer Own","2022","YA0058","CHARGER MANDOWN NO.1 510","Active","2025-06-14 10:27:08","2025-06-14 10:48:29",NULL
"303","EASYCON CHARGER","Instruments & Tools","DE 24/100","EPSON LOT 509-510","Customer Own","2009","91116301","CHARGER R.TRUCK 510","Active","2025-06-14 10:29:00","2025-06-14 10:29:00",NULL
"304","EASYCON CHARGER","Instruments & Tools","229-DE36/90P","EPSON LOT 509-510","Customer Own","2010","01320301","CHARGER R.TRUCK 509","Active","2025-06-14 10:30:41","2025-06-14 10:30:41",NULL
"305","EASYCON CHARGER","Instruments & Tools","229-EE24/45P","EPSON LOT 509","Customer Own","2017","94740902","CHARGER P.TRUCK 509","Active","2025-06-14 10:32:17","2025-06-14 10:32:17",NULL
"306","BAS","Instruments & Tools","SDC TP_ECP 48/140T","EPSON LOT 509","Customer Own","2022","YA0061","CHARGER MANDOWN NO.3","Active","2025-06-14 10:33:49","2025-06-14 10:33:49",NULL
"307","BAS","Instruments & Tools","SDC TP_ECP 48/140T","EPSON LOT 509","Customer Own","2022","YA0059","CHARGER MANDOWN NO.4","Active","2025-06-14 10:35:18","2025-06-14 10:35:18",NULL
"308","TOYOTA","Electric","7FBRRS18","PT. PRIMA SARI JAYA","Customer Own","2010","7FBR","REACH TRUCK 7 FBR","Active","2025-06-17 08:02:02","2025-06-17 08:02:02",NULL
"309","TOYOTA","Electric","7FB18","PT. PRIMA SARI JAYA","Customer Own","2010","7FBR18 -15786","REACH TRUCK 786","Active","2025-06-17 08:03:46","2025-06-17 08:03:46",NULL
"310","Classic Plus","Instruments & Tools","CIP 24V30CT","EPSON LOT 530","Customer Own","2023","SS0750221","CHAGER STACKER NO.2","Active","2025-06-18 11:05:26","2025-06-18 11:05:26",NULL
"311","BAS","Instruments & Tools","SC24/50M","EPSON LOT 530","Customer Own","2015","TY0181","CHARGER PALLET TRUCK NO.1","Active","2025-06-18 11:07:38","2025-06-18 11:07:38",NULL
"312","EASYCON CHARGER","Instruments & Tools","229-DE48/70","EPSON LOT 530","Customer Own","2015","11133014","CHARGER ORDER PICKER NO.1","Active","2025-06-18 11:09:33","2025-08-22 10:58:57",NULL
"313","EASYCON CHARGER","Instruments & Tools","229-DE48/70","EPSON LOT 530","Customer Own","2015","11133013","CHARGER ORDER PICKER NO.2","Active","2025-06-18 11:12:24","2025-06-18 11:12:24",NULL
"314","EASYCON CHARGER","Instruments & Tools","229-DE48/125","EPSON LOT 530","Customer Own","2015","77334109","CHARGER MANDOWN","Active","2025-06-18 11:14:19","2025-06-18 11:14:19",NULL
"315","NO NAME","Instruments & Tools","NO NAME","EPSON LOT 530","Customer Own","2015","NO NAME","CHARGER STACKER NO.1","Active","2025-06-18 11:15:32","2025-06-18 11:15:32",NULL
"316","HYSTER ","Diesel","H3.5FT","PT SCANJET","Customer Own","2015","hyster01","hystercanjet","Active","2025-06-20 16:48:36","2025-06-20 16:48:36",NULL
"317","LINDE","Electric","T20 AP-04","VOLEX Receiving","PS Own","2020","C11158E01314","Pallet Truck","Active","2025-06-30 14:54:11","2025-08-14 08:05:47",NULL
"318","TAILIFT","Electric","FBD30","PT PCPARTNER","Customer Own","2025","C2501250C","pcpartner-tailift-3t","Active","2025-06-30 15:02:42","2025-06-30 15:02:42",NULL
"319","JUNGHEINRICH","Manual","AM 22","EPSON LOT 530","Customer Own","2011","14528045N","HANDJACK R04","Active","2025-07-01 09:45:23","2025-07-01 09:45:23",NULL
"320","TOTAL LIFTER","Manual","CBD25","EPSON LOT 530","Customer Own","2021","J21122082-/063","HANDJACK R07","Active","2025-07-01 09:46:38","2025-07-01 09:46:38",NULL
"321","TOYOTA","Diesel","FDZN25","PT ADHI MUKTI PERSADA","Customer Own","2020","27557","FORKLIFT F01","Active","2025-07-03 15:03:18","2025-07-03 15:03:18",NULL
"322","LINDE","Electric","A","PT. EPSON LOT 510","Customer Own","2022","615 224 L00020","Man down no.2","Active","2025-07-05 11:10:09","2025-07-05 11:10:09",NULL
"323","LINDE","Electric","E16C","PT. INTER PRATAMA","Customer Own","2010","C1X335A02995","FORKLIFT 995","Active","2025-07-09 10:59:47","2025-07-09 10:59:47",NULL
"324","Toyota","Diesel","8FD25","Workshop","PS Own","2015","435","PS435","Active","2025-07-11 10:24:44","2025-07-11 10:24:44",NULL
"325","TOYOTA","Electric","7fbr15","Pt. Alcotraindo Batam","Customer Own","2000","7fbr15-20559","559","Active","2025-07-15 14:17:29","2025-07-15 14:17:29",NULL
"326","TOTAL LIFTER","Electric","cbd25","superpakindo","Customer Own","2016","2/33","handjack 2/33","Active","2025-07-21 16:25:31","2025-07-21 16:25:31",NULL
"327","LINDE","Electric","R16S","PT. PEGAUNIHAN SEKUPANG ","Customer Own","2022","C2Y115LO2708","REACH TRUCK C2Y115","Active","2025-07-22 14:18:59","2025-07-22 14:18:59",NULL
"328","TOYOTA","Diesel","8FD40","PT JFC STONE","Customer Own","2019","628FD40","4T-JFCSTONE","Active","2025-07-25 09:23:08","2025-07-25 09:23:08",NULL
"329","TOYOTA","Diesel","8FD40","PT JFC STONE","Customer Own","2015","F01","SN0001","Active","2025-07-25 16:19:06","2025-07-25 16:19:06",NULL
"330","TOYOTA","Diesel","8FD25","WORKSHOP","PS Own","2015","331","ps331","Active","2025-08-02 10:43:34","2025-08-02 10:43:34",NULL
"331","KRISBOW","Manual","SDJA-I","TDK GUDANG","Customer Own","2014","28228","Manual Lifter","Active","2025-08-22 14:01:20","2025-08-29 16:21:37",NULL
"332","LINDE","Electric","E16C","PEGAUNIHAN","Customer Own","2020","C11275X00222","000","Active","2025-08-29 16:44:33","2025-08-29 16:44:33",NULL
"333","KRISBOW","Manual","HPT","PT ALCOTRAINDO","Customer Own","2025","9793766","HPT766","Active","2025-09-19 16:36:52","2025-09-19 16:36:52",NULL
"334","KRISBOW","Manual","HPT","PT ALCOTRAINDO","Customer Own","2025","3836973","HPT973","Active","2025-09-19 16:51:52","2025-09-19 16:51:52",NULL
"335","KRISBOW","Manual","HPT","PT ALCOTRAINDO","Customer Own","2025","35571176","HPT176","Active","2025-09-19 16:54:26","2025-09-19 16:54:26",NULL
"336","KRISBOW","Manual","HPT","PT ALCOTRAINDO","Customer Own","2025","No Serial","HPTX","Active","2025-09-19 16:57:10","2025-09-19 16:57:10",NULL
"337","TOTAL LIFTER","Instruments & Tools","CBD25","pt.eka surya mandiri","Customer Own","2016","16072082/194","00","Active","2025-09-20 10:18:45","2025-09-20 10:18:45",NULL
