id,brand,type,eq_no,serial,location,powertrain,owner,tahun,status,deleted_at,updated_at,created_at
319,TOYOTA,8FD30,PS386,SN001,PT EPSON,Diesel,PS Rent,2020,active,,2025-10-27 10:09:47,2025-10-27 09:48:27
320,TOYOTA,8FD30,PS695,SN002,PT EPSON,Diesel,PS Rent,2020,active,,2025-10-27 10:09:47,2025-10-27 09:48:27
321,TOYOTA,8FD30,PS865,SN003,PT EPSON,Diesel,PS Rent,2020,active,,2025-10-27 10:09:47,2025-10-27 09:48:27
322,TOYOTA,8FD30,PS540,SN004,PT EPSON,Diesel,PS RENT,2020,active,,2025-10-27 10:09:47,2025-10-27 09:48:27
323,TOYOTA,8FD30,PS777,SN005,PT EPSON,Diesel,PS Rent,2020,active,,2025-10-27 10:09:47,2025-10-27 09:48:27
324,TOYOTA,8FD30,PS693,SN006,PT EPSON,Diesel,PS Rent,2020,active,,2025-10-27 10:09:47,2025-10-27 09:48:27
325,TOYOTA,8FD25,PS484,SN007,PT GIKEN TANJUNG UNCANG,Diesel,PS Rent,2020,active,,2025-10-27 10:09:47,2025-10-27 09:48:27
326,TOYOTA,8FD25,PS650,SN008,PT ALCOTRAINDO,Diesel,PS Own,2020,active,,2025-10-27 10:09:47,2025-10-27 09:48:27
327,TOYOTA,8FD25,PS654,SN009,PT ALCOTRAINDO,Diesel,PS Rent,2020,active,,2025-10-27 10:09:47,2025-10-27 09:48:27
328,TOYOTA,8FD25,PS530,SN010,PT ALCOTRAINDO BATAM,Diesel,Under Repair,2020,active,,2025-10-27 10:09:47,2025-10-27 09:48:27
329,TOYOTA,8FD25,PS983,SN011,Giken Horizon Tj Uncang,Diesel,alcotraindo batam,2020,maintenance,,2025-10-27 10:09:47,2025-10-27 09:48:27
330,TOYOTA,8FD25,PS186,SN012,WORKSHOP,Diesel,PS RENT,2020,active,,2025-10-27 10:09:47,2025-10-27 09:48:27
331,TOYOTA,8FD25,PS946,SN013,PT ALCOTRAINDO KABIL,Diesel,PS Rent,2020,active,,2025-10-27 10:09:47,2025-10-27 09:48:27
332,TOYOTA,8FD26,PS881,SN014,PT ALCOTRAINDO,Diesel,PS Rent,2020,active,,2025-10-27 10:09:47,2025-10-27 09:48:27
333,TOYOTA,8FG25,PS251,SN015,PT COCA-COLA,LPG,PS Rent,2020,active,,2025-10-27 10:09:47,2025-10-27 09:48:27
334,TOYOTA,8FG25,PS530B,SN016,PT COCA-COLA,LPG,PS Rent,2020,active,,2025-10-27 10:09:47,2025-10-27 09:48:27
335,TOYOTA,8FD30,PS032,SN017,PT INTI DUTA SURYA,Diesel,PS Rent,2020,active,,2025-10-27 10:09:47,2025-10-27 09:48:27
336,TOYOTA,8FD30,PS042,SN018,BTG,Diesel,PS Own,2020,active,,2025-10-27 10:09:47,2025-10-27 09:48:27
337,TOYOTA,8FD30,PS768,SN019,PT TENARIS,Diesel,PS Rent,2020,active,,2025-10-27 10:09:47,2025-10-27 09:48:27
338,TOYOTA,8FD25,PS656,SN020,PT ALCOTRAINDO KABIL,Diesel,PS Rent,2020,active,,2025-10-27 10:09:47,2025-10-27 09:48:27
339,TOYOTA,8FD25,PS205,SN021,PT KIAN SOON,Diesel,PS Rent,2020,active,,2025-10-27 10:09:47,2025-10-27 09:48:27
340,TOYOTA,8FD25,PS305,SN022,SUPERPAKINDO,Diesel,PS Workshop,2020,active,,2025-10-27 10:09:47,2025-10-27 09:48:27
341,TOYOTA,8FD25,PS920,SN023,PT INDO KREASI,Diesel,PS Rent,2020,active,,2025-10-27 10:09:47,2025-10-27 09:48:27
342,TOYOTA,7FD30,F 01,SN024,PT ISTIMEWA BANGUN BERSAMA,Diesel,Customer Owned,2020,active,,2025-10-27 10:09:47,2025-10-27 09:48:27
343,TOYOTA,8FD25,PS137,SN025,WORKSHOP,Diesel,PS Rent,2020,active,,2025-10-27 10:09:47,2025-10-27 09:48:27
344,TOYOTA,8FD25,PS067,SN026,Giken Horizon Tj Uncang,Diesel,PS Workshop,2013,active,,2025-10-27 10:09:47,2025-10-27 09:48:27
345,TOYOTA,7FD30,PS126,SN027,SOLD PT WHIRINDO,Diesel,Customer Owned,2020,active,,2025-10-27 10:09:47,2025-10-27 09:48:27
346,TOYOTA,7FD30,PS991,SN028,PT NIGI KABIL NATGAS,Diesel,PS Workshop,2020,active,,2025-10-27 10:09:47,2025-10-27 09:48:27
347,TOYOTA,7FD30,PS972,SN029,PT INTI DUTA SURYA,Diesel,PS Rent,2020,active,,2025-10-27 10:09:47,2025-10-27 09:48:27
348,TOYOTA,7FD30,PS779,SN030,SANPRO,Diesel,PS Workshop,2005,active,,2025-10-27 10:09:47,2025-10-27 09:48:27
349,TOYOTA,8FD25,PS461,SN031,PS Workshop,Diesel,PS Workshop,2020,active,,2025-10-27 10:09:47,2025-10-27 09:48:27
350,TOYOTA,5FD80,PS012,SN032,PS Workshop,Diesel,PS Workshop,2020,active,,2025-10-27 10:09:47,2025-10-27 09:48:27
351,TOYOTA,5FD80,PS977,SN033,PS Workshop,Diesel,PS Workshop,2020,active,,2025-10-27 10:09:47,2025-10-27 09:48:27
352,TOYOTA,8FD25,PS250,SN034,PT EPSON TRAINING,Diesel,PS Workshop,2020,active,,2025-10-27 10:09:47,2025-10-27 09:48:27
353,TCM,FD70Z8,PS191B,SN035,PS Workshop,Diesel,PS Workshop,2020,active,,2025-10-27 10:09:47,2025-10-27 09:48:27
354,TCM,FD70Z8,PS925,SN036,PT BATAMMEC,Diesel,PS RENT,2020,active,,2025-10-27 10:09:47,2025-10-27 09:48:27
355,TOYOTA,8FD25,PS086,SN037,PT Daiho,Diesel,PS Own,2010,active,,2025-10-27 10:09:47,2025-10-27 09:48:27
356,TOYOTA,6FD45,PS131,SN038,PS Workshop,Diesel,PS Workshop,2020,active,,2025-10-27 10:09:47,2025-10-27 09:48:27
357,TCM,FD40Z7,PS191A,SN039,PT KSA TJ UNCANG,Diesel,PS Workshop,2020,active,,2025-10-27 10:09:47,2025-10-27 09:48:27
358,TOYOTA,3FD115,PS414B,SN040,PS Workshop,Diesel,PS Workshop,2020,active,,2025-10-27 10:09:47,2025-10-27 09:48:27
359,TOYOTA,5FD80,PS110,SN041,PS Workshop,Diesel,PS Workshop,2020,active,,2025-10-27 10:09:47,2025-10-27 09:48:27
360,TOYOTA,5FD81,PS011,SN042,PS Workshop,Diesel,PS Workshop,2020,active,,2025-10-27 10:09:47,2025-10-27 09:48:27
361,HELI,CPCD100,PS256,SN043,PT APIPA,Diesel,PS Workshop,2020,active,,2025-10-27 10:09:47,2025-10-27 09:48:27
362,TOYOTA,8FD30,PS403,SN044,PT TENARIS HYDRILL,Diesel,PS Rent,2020,active,,2025-10-27 10:09:47,2025-10-27 09:48:27
363,TOYOTA,8FD25,PS234,SN045,PT BTG,Diesel,PS Lend,2020,active,,2025-10-27 10:09:47,2025-10-27 09:48:27
364,TOYOTA,7FD30,PS942,SN046,WORSHOP,Diesel,PS Rent,2020,active,,2025-10-27 10:09:47,2025-10-27 09:48:27
365,TCM,FD40Z7,PS463,SN047,PT KSA TJ UNCANG,Diesel,PS Workshop,2020,active,,2025-10-27 10:09:47,2025-10-27 09:48:27
366,TOYOTA,8FD30,NIG-TOY-A,SN048,PT NIGI UNCANG,Diesel,Customer Owned,2020,active,,2025-10-27 10:09:47,2025-10-27 09:48:27
367,TOYOTA,8FD30,B,SN049,PT NIGI UNCANG,Diesel,Customer Owned,2020,maintenance,,2025-10-27 10:09:47,2025-10-27 09:48:27
368,KOMATSU,FD30T,C,SN050,PT NIGI UNCANG,Diesel,Customer Owned,2020,retired,,2025-10-27 10:09:47,2025-10-27 09:48:27
369,KOMATSU,FD30T,NIG-KOM-A,SN051,PT NIGI UNCANG,Diesel,Customer Owned,2020,retired,,2025-10-27 10:09:47,2025-10-27 09:48:27
370,TOYOTA,8FD30,NIG-TOY-C,SN052,PT NIGI KABIL,Diesel,Customer Owned,2020,active,,2025-10-27 10:09:47,2025-10-27 09:48:27
371,TOYOTA,8FD30,TYT3T,SN053,PT TENARIS HYDRILL,Diesel,Customer Owned,2020,active,,2025-10-27 10:09:47,2025-10-27 09:48:27
372,TCM,FD100Z8,TCM10T,SN054,PT TENARIS HYDRILL,Diesel,Customer Owned,2020,active,,2025-10-27 10:09:47,2025-10-27 09:48:27
373,TOYOTA,8FD30-GENIO,SUKAJADI,SN055,PT JAGUAR ASIA,Diesel,Customer Owned,2020,active,,2025-10-27 10:09:47,2025-10-27 09:48:27
374,TOYOTA,8FD30-GENIO,NAGOYA,SN056,PT JAGUAR ASIA,Diesel,Customer Owned,2020,active,,2025-10-27 10:09:47,2025-10-27 09:48:27
375,CAT,DP30N,F01,SN057,PT SHIBAURA,Diesel,Customer Owned,2020,active,,2025-10-27 10:09:47,2025-10-27 09:48:27
376,CAT,DP30N,SHIBA-F02,SN058,PT SHIBAURA,Diesel,Customer Owned,2020,active,,2025-10-27 10:09:47,2025-10-27 09:48:27
377,CAT,DP30N,F03,SN059,PT SHIBAURA,Diesel,Customer Owned,2020,active,,2025-10-27 10:09:47,2025-10-27 09:48:27
378,TOYOTA,8FD30,VETCOF04,SN060,VETCO / BAKER HUGHES,Diesel,Customer Owned,2020,active,,2025-10-27 10:09:47,2025-10-27 09:48:27
379,TOYOTA,8FD31,F10,SN061,VETCO / BAKER HUGHES,Diesel,Customer Owned,2020,active,,2025-10-27 10:09:47,2025-10-27 09:48:27
380,CAT 16T,DP160NT,VETCOF02,SN062,VETCO / BAKER HUGHES,Diesel,Customer Owned,2020,active,,2025-10-27 10:09:47,2025-10-27 09:48:27
381,TOYOTA,4T,ASTORIA-4,SN063,PT ASTORIA,Diesel,Customer Owned,2020,active,,2025-10-27 10:09:47,2025-10-27 09:48:27
382,TOYOTA,4.5T,ASTORIA-45,SN064,PT ASTORIA,Diesel,Customer Owned,2020,active,,2025-10-27 10:09:47,2025-10-27 09:48:27
383,TOYOTA,8FD25,ESS-F01,SN065,PT EKA SURYA SEJATI,Diesel,Customer Owned,2020,active,,2025-10-27 10:09:47,2025-10-27 09:48:27
384,CAT,DP50NT,HUNTING-5T,SN066,PT HUNTING,Diesel,Customer Owned,2020,active,,2025-10-27 10:09:47,2025-10-27 09:48:27
385,TOYOTA,8FD25,ESS-F02,SN067,PT EKA SURYA SEJATI,Diesel,Customer Owned,2020,active,,2025-10-27 10:09:47,2025-10-27 09:48:27
386,TOYOTA,8FD25,ESS-F03,SN068,PT EKA SURYA SEJATI,Diesel,Customer Owned,2020,active,,2025-10-27 10:09:47,2025-10-27 09:48:27
387,CAT,DP25N,OCEANE-CATDP25,SN069,PT OCEANEERING,Diesel,Customer Owned,2020,active,,2025-10-27 10:09:47,2025-10-27 09:48:27
388,TOYOTA,8FD25,SANFORD-F01,SN070,PT GAJAH IZUMI / SANFORD,Diesel,Customer Owned,2020,active,,2025-10-27 10:09:47,2025-10-27 09:48:27
389,TOYOTA,8FD25,SANFORD-F02,SN071,PT GAJAH IZUMI / SANFORD,Diesel,Customer Owned,2020,active,,2025-10-27 10:09:47,2025-10-27 09:48:27
390,TOYOTA,8FD25,SANFORD-F03,SN072,PT GAJAH IZUMI / SANFORD,Diesel,Customer Owned,2020,active,,2025-10-27 10:09:47,2025-10-27 09:48:27
391,TOYOTA,8FD25,INFINEON-8FD25,SN073,PT INFINEON,Diesel,Customer Owned,2020,active,,2025-10-27 10:09:47,2025-10-27 09:48:27
392,TOYOTA,8FD25,POHKIN-TYT,SN074,PT POH KIN,Diesel,Customer Owned,2020,active,,2025-10-27 10:09:47,2025-10-27 09:48:27
393,NISSAN,nissan15,POHKIN-NIS,SN075,PT POH KIN,Diesel,Customer Owned,2020,active,,2025-10-27 10:09:47,2025-10-27 09:48:27
394,TOYOTA,7FD25,PRCHM-7FD25,SN076,PT PROCHEM TRITAMA,Diesel,Customer Owned,2020,active,,2025-10-27 10:09:47,2025-10-27 09:48:27
395,TOYOTA,8FD30,ABSO-8FD30,SN077,PT ABSO - LIMINDO,Diesel,Customer Owned,2020,active,,2025-10-27 10:09:47,2025-10-27 09:48:27
396,TOYOTA,8FD25,GTI-8FD25,SN078,PT GREENINDO TRITAMA KABIL,Diesel,Customer Owned,2020,active,,2025-10-27 10:09:47,2025-10-27 09:48:27
397,TOYOTA,7FD25,EMI-7FD25,SN079,PT EMI,Diesel,Customer Owned,2020,active,,2025-10-27 10:09:47,2025-10-27 09:48:27
398,KOMATSU,FD30T14,SUPERPAK-KOMATSU,SN080,PT SUPERPAKINDO,Diesel,Customer Owned,2020,active,,2025-10-27 10:09:47,2025-10-27 09:48:27
399,TOYOTA,8FD25 - 2Z,ASTORIA-25,SN081,PT ASTORIA,Diesel,Customer Owned,2020,active,,2025-10-27 10:09:47,2025-10-27 09:48:27
400,KOMATSU,FD30T16,STI-KOMATSU-01,SN082,PT SINBA,Diesel,Customer Owned,2020,active,,2025-10-27 10:09:47,2025-10-27 09:48:27
401,TOYOTA,7FD30,STI-TYT-02,SN083,PT SINBA,Diesel,Customer Owned,2020,active,,2025-10-27 10:09:47,2025-10-27 09:48:27
402,CAT,DP30N,INLINE-3T,SN084,PT INLINE FLOW SPECIALTY,Diesel,Customer Owned,2020,active,,2025-10-27 10:09:47,2025-10-27 09:48:27
403,NISSAN,3T,FGJ02A30,SN085,PT WHIRINDO,Diesel,Customer Owned,2020,active,,2025-10-27 10:09:47,2025-10-27 09:48:27
404,TOYOTA,8FD30,SURTEK-8FD30,SN086,PT SURYA TEKNOLOGI BATAM,Diesel,Customer Owned,2020,active,,2025-10-27 10:09:47,2025-10-27 09:48:27
405,TOYOTA,8FD30,3T,SN087,PT SEFONG INDUSTRI,Diesel,Customer Owned,2020,active,,2025-10-27 10:09:47,2025-10-27 09:48:27
406,TOYOTA,5FD25,SUNTECH-01,SN088,PT SUNTECH,Diesel,Customer Owned,2020,active,,2025-10-27 10:09:47,2025-10-27 09:48:27
407,TOYOTA,8FD25,3,SN089,PT SUNTECH,Diesel,Customer Owned,2020,active,,2025-10-27 10:09:47,2025-10-27 09:48:27
408,TOYOTA,7FD25,MULIAACE-7FD25,SN090,PT MULIA ACETECH,Diesel,Customer Owned,2020,active,,2025-10-27 10:09:47,2025-10-27 09:48:27
409,TOYOTA,8FD30,GPI-01,SN091,PT GREENINDO PLASTICTAMA,Diesel,Customer Owned,2020,active,,2025-10-27 10:09:47,2025-10-27 09:48:27
410,TOYOTA,7FD30,STI-TYT-01,SN092,PT SINBA,Diesel,Customer Owned,2020,active,,2025-10-27 10:09:47,2025-10-27 09:48:27
411,TOYOTA,8FD25,SRYMKMR-8FD25,SN093,PT SERAYA MAKMUR PERSADA,Diesel,Customer Owned,2020,active,,2025-10-27 10:09:47,2025-10-27 09:48:27
412,LINDE,MT 16,HAN PALLET,CT1133L67437,EPSON LOT 530,Electric,Customer Owned,2022,active,,2025-10-27 10:09:47,2025-10-27 09:48:27
413,LINDE,T20 SP,PALLET TRUCK NO. 2,C11158G00852,EPSON LOT 510,Electric,Customer Owned,2016,active,,2025-10-27 10:09:47,2025-10-27 09:48:27
414,LINDE,L12,Stacker No. 1,W4X379T02596,EPSON LOT 530,Electric,Customer Own,2006,active,,2025-10-27 10:09:47,2025-10-27 09:48:27
415,TOYOTA,7FBR13,REACH TRUCK,7FBR13-10826,PT EVERWOOD,Electric,Customer Owned,2021,active,,2025-10-27 10:09:47,2025-10-27 09:48:27
416,LINDE,T20 SP,PALLET TRUCK NO. 1,C11158F01339,EPSON LOT 530,Electric,Customer Owned,2015,active,,2025-10-27 10:09:47,2025-10-27 09:48:27
417,LINDE,V12,Order Picker No. 1,61X015D00140,EPSON LOT 530,Electric,Customer Owned,2013,active,,2025-10-27 10:09:47,2025-10-27 09:48:27
418,LINDE,V12,Order Picker No. 2,61X015D00142,EPSON LOT 530,Electric,Customer Owned,2013,active,,2025-10-27 10:09:47,2025-10-27 09:48:27
419,LINDE,V12,Order Picker No. 3,61X015D00146,EPSON LOT 530,Electric,Customer Owned,2013,active,,2025-10-27 10:09:47,2025-10-27 09:48:27
420,LINDE,A,TRUCK Mandown No. 1,615222E00034,EPSON LOT 530,Electric,Customer Owned,2014,active,,2025-10-27 10:09:47,2025-10-27 09:48:27
421,LINDE,A,TRUCK Mandown No. 2,615222D00020,EPSON LOT 530,Electric,Customer Owned,2013,active,,2025-10-27 10:09:47,2025-10-27 09:48:27
422,LINDE,A,TRUCK Mandown No. 3,615224L00021,EPSON LOT 509,Electric,Customer Owned,2022,active,,2025-10-27 10:09:47,2025-10-27 09:48:27
423,LINDE,A,TRUCK Mandown No. 4,615224L00022,EPSON LOT 509,Electric,Customer Owned,2022,active,,2025-10-27 10:09:47,2025-10-27 09:48:27
424,LINDE,T20 SP,PALLET TRUCK NO. 3,C11158H00377,EPSON LOT 509,Electric,Customer Owned,2017,active,,2025-10-27 10:09:47,2025-10-27 09:48:27
425,NICHIYU,RFTL 15T-75C-400,MANDOWN,923AD0044,TDK STORE,Electric,Customer Owned,2020,active,,2025-10-27 10:09:47,2025-10-27 09:48:27
426,JUNGHEINRICH,EJE M15,PALLET STACKER,FN927518,TDK VKL,Electric,Customer Owned,2020,active,,2025-10-27 10:09:47,2025-10-27 09:48:27
427,LINDE,HT 30 / CPCD,FORKLIFT,B11233M50099,PT WALBOR,Diesel,Customer Owned,2023,active,,2025-10-27 10:09:47,2025-10-27 09:48:27
428,LINDE,L 12,STACKER,W4X379Z00946,VARTA LOT 23,Electric,Customer Owned,2020,active,,2025-10-27 10:09:47,2025-10-27 09:48:27
429,JUNGHEINRICH,EKX 513,Man Up,FN495272,TDK STORE,Electric,Customer Owned,2020,active,,2025-10-27 10:09:47,2025-10-27 09:48:27
430,JUNGHEINRICH,EKM 202,MINI PICKER,91651004,TDK VKL,Electric,Customer Owned,2020,active,,2025-10-27 10:09:47,2025-10-27 09:48:27
431,BRAVIISOL,LUI MINI S.K,MSK20151097,MSK20151097,TDK VKL,Electric,Customer Owned,2020,active,,2025-10-27 10:09:47,2025-10-27 09:48:27
432,CAT,DP25NT,INFINEON-DP25NT,SN127,PT INFINEON,Diesel,Customer Owned,2020,active,,2025-10-27 10:09:47,2025-10-27 09:48:27
433,LINDE,E16 C,PS 424,C11275G00424,PT DAIHO,Electric,PS Rent,2016,active,,2025-10-27 10:09:47,2025-10-27 09:48:27
434,TYRE PRESS,TYRE PRESS,TYRE PRESS,SN129,TYRE PRESS LABOUR / PRESS BAN JASA,Manual,TYRE PRESS LABOUR,2020,active,,2025-10-27 10:09:47,2025-10-27 09:48:27
435,TOYOTA,8FD25,EKASURYA-8FD25,SN130,PT EKA SURYA MANDIRI SUNGAI PANAS,Diesel,Customer Owned,2020,active,,2025-10-27 10:09:47,2025-10-27 09:48:27
436,LINDE,E 16 C,C11275V00441,C11275V00441,SCHNEIDER LOT 4,Electric,PS Rent,2019,active,,2025-10-27 10:09:47,2025-10-27 09:48:27
437,TEST BRAND,TEST TYPE,TEST ID 1,SN132,INPUT TEST,Diesel,PS Workshop,2020,active,,2025-10-27 10:09:47,2025-10-27 09:48:27
438,LINDE,L12,Stacker No. 2,C21169M00458,EPSON LOT 530,Electric,Customer Own,2023,active,,2025-10-27 10:09:47,2025-10-27 09:48:27
439,LINDE,E 16 C,PS 431,CIX335A02431,WORKSHOP,Electric,PS Own,2010,active,,2025-10-27 10:09:47,2025-10-27 09:48:27
440,TOYOTA,8FD25,SUNTECH-F04,SN135,PT SUNTECH,Diesel,Customer Owned,2020,active,,2025-10-27 10:09:47,2025-10-27 09:48:27
441,LINDE,E 16C-03,PS 888,C1X335F00888,EPSON LOT 509 510,Electric,PS Rent,2015,active,,2025-10-27 10:09:47,2025-10-27 09:48:27
442,LINDE,E 20 PH,PS  533,C11275H04533,VOLEX Line,Electric,PS Own,2021,active,,2025-10-27 10:09:47,2025-10-27 09:48:27
443,LINDE,R14 S,PS 704,C1X115J00704,DWI ANTAR BENUA,Electric,PS Rent,2020,active,,2025-10-27 10:09:47,2025-10-27 09:48:27
444,LINDE,R20 S - 12,REACH TRUCK 070,H2X115D01070,SNL,Electric,Customer Owned,2013,active,,2025-10-27 10:09:47,2025-10-27 09:48:27
445,TOYOTA,5FD30,SUNTECH-F02,SN141,PT SUNTECH,Diesel,Customer Owned,2020,active,,2025-10-27 10:09:47,2025-10-27 09:48:27
446,LINDE,E 16C-03,PS 887,CIX335F00887,EPSON LOT 530,Electric,PS Rent,2015,active,,2025-10-27 10:09:47,2025-10-27 09:48:27
447,LINDE,E 16C PS 435,PS 435,CIX335A02435,WORKSHOP,Electric,PS Workshop,2020,active,,2025-10-27 10:09:47,2025-10-27 09:48:27
448,LINDE,CPCD B11233,PMC 01,SN144,PT WARLBOR,Diesel,Customer Owned,2020,active,,2025-10-27 10:09:47,2025-10-27 09:48:27
449,LINDE,CPCD B11233,PMC 02,SN145,PT WARLBOR,Diesel,Customer Owned,2020,active,,2025-10-27 10:09:47,2025-10-27 09:48:27
450,LINDE,CPCD B11233,PMC 03,SN146,PT WARLBOR,Diesel,Customer Owned,2020,active,,2025-10-27 10:09:47,2025-10-27 09:48:27
451,LINDE,HT25DS,FANTASTIK-LINDE,SN147,PT FANTASTIK TUNAS,Diesel,Customer Owned,2020,active,,2025-10-27 10:09:47,2025-10-27 09:48:27
452,TOYOTA,6FD15,GTI-6FD15,SN148,PT GREENINDO TRITAMA KABIL,Diesel,Customer Owned,2020,active,,2025-10-27 10:09:47,2025-10-27 09:48:27
453,LINDE,E 16C-03 PS 021,CIX335F00021,SN149,PT WOHLRAB,Electric,PS Rent,2020,active,,2025-10-27 10:09:47,2025-10-27 09:48:27
454,LINDE,E 16 C-03,PS 899,C1X335F00899,VARTA,Electric,PS Rent,2015,active,,2025-10-27 10:09:47,2025-10-27 09:48:27
455,TOYOTA,7FD30,APIPA-7FD30,SN151,PT APIPA,Diesel,Customer Owned,2020,active,,2025-10-27 10:09:47,2025-10-27 09:48:27
456,NISSAN,NISSAN,STNLSSJYMKMR-1,SN152,PT STAINLESS JAYA MAKMUR,Diesel,Customer Owned,2020,active,,2025-10-27 10:09:47,2025-10-27 09:48:27
457,TOYOTA,5FG15,EKASURYA-5FG15,SN153,PT EKA SURYA - LIMINDO,LPG,Customer Owned,2020,active,,2025-10-27 10:09:47,2025-10-27 09:48:27
458,TOYOTA,8FD30,OCEANE-8FD30,SN154,PT OCEANEERING,Diesel,Customer Owned,2020,active,,2025-10-27 10:09:47,2025-10-27 09:48:27
459,NICHIYU,RFTL12T-80,MANDOWN NO.4,922E-00465,DAIHO,Electric,Customer Owned,2020,active,,2025-10-27 10:09:47,2025-10-27 09:48:27
460,TOYOTA,8FD30,01,SN160,PT BTG,Diesel,Customer Owned,2020,active,,2025-10-27 10:09:47,2025-10-27 09:48:27
461,CAT,DP30ND,03 / OXYGEN,SN161,PT BTG,Diesel,Customer Owned,2020,active,,2025-10-27 10:09:47,2025-10-27 09:48:27
462,CAT,DP30ND,04 / ARGON,SN162,PT BTG,Diesel,Customer Owned,2020,active,,2025-10-27 10:09:47,2025-10-27 09:48:27
463,LONG GONG,CTC35-ER15,SPPWR-LONGGONG1,SN163,PT SUPERPOWER SOLAR,Diesel,Customer Owned,2020,active,,2025-10-27 10:09:47,2025-10-27 09:48:27
464,TOYOTA,5FG15,HARADA-5FG15,SN164,PT HARADA CAMMO,LPG,Customer Owned,2020,active,,2025-10-27 10:09:47,2025-10-27 09:48:27
465,NICHIYU,RFTL12T-80,MANDOWN NO.3,922E-00466,DAIHO,Electric,Customer Owned,2020,active,,2025-10-27 10:09:47,2025-10-27 09:48:27
466,LINDE,HT30,PROD 1,SN166,PT WARLBOR,Diesel,Customer Owned,2020,active,,2025-10-27 10:09:47,2025-10-27 09:48:27
467,BYD,P3OPS-VII,13101230164,SN167,PT Mega Solar,Diesel,Customer Owned,2020,active,,2025-10-27 10:09:47,2025-10-27 09:48:27
468,STOCKY,#S02-02-FEP20SE,Pallet Stacker,EPT23200405/009,SUPERPAKINDO,Electric,Customer Owned,2020,active,,2025-10-27 10:09:47,2025-10-27 09:48:27
469,KOMATSU,UNDEFINED,SNRSND-1,SN170,PT SINAR SINDO,Diesel,Customer Owned,2020,active,,2025-10-27 10:09:47,2025-10-27 09:48:27
470,LINDE,R14 S REACH TRUCK,PS 494,C1X115F01494,WORKSHOP,Electric,PS Own,2018,active,,2025-10-27 10:09:47,2025-10-27 09:48:27
471,TOYOTA,R20,7FBR2011798,SN172,PT SNL,Electric,Customer Owned,2020,active,,2025-10-27 10:09:47,2025-10-27 09:48:27
472,TOYOTA,7FBA REACH TRUCK,7FBA,SN173,POH KIN INDONESIA,Electric,Customer Owned,2020,active,,2025-10-27 10:09:47,2025-10-27 09:48:27
473,LINDE,E25S,PS 470,C11276J01470,VOLEX Receiving,Electric,PS Own,2023,active,,2025-10-27 10:09:47,2025-10-27 09:48:27
474,LINDE,E30S,PS 304,C11276G00304,WORKSHOP,Electric,PS Workshop,2020,active,,2025-10-27 10:09:47,2025-10-27 09:48:27
475,LINDE,E25S,PS 468,C11276J01468,VOLEX Receiving,Electric,PS Own,2023,active,,2025-10-27 10:09:47,2025-10-27 09:48:27
476,LINDE,E25 S,PS 469,C11276J01469,VOLEX Shipping,Electric,PS Own,2023,active,,2025-10-27 10:09:47,2025-10-27 09:48:27
477,TOTAL LIFTER,HAND PALLET TRUCK,HANDJACK,19324,VOLEX,Manual,Customer Owned,2020,active,,2025-10-27 10:09:47,2025-10-27 09:48:27
478,LINDE,R16S,REACH TRUCK 708,C24115L02708,PEGAUNIHAN,Electric,Customer Owned,2020,active,,2025-10-27 10:09:47,2025-10-27 09:48:27
479,LINDE,E16C,FORKLIFT 223,C11275X00223,PEGAUNIHAN,Electric,Customer Owned,2020,active,,2025-10-27 10:09:47,2025-10-27 09:48:27
480,BAOLI S3,KBP15-S3,Pallet Stacker 982,BT6158N01982,EPSON LOT 508,Electric,Customer Owned,2024,active,,2025-10-27 10:09:47,2025-10-27 09:48:27
481,BAOLI S3,KBP15-S3,Pallet Stacker 983,BT6158N01983,EPSON LOT 508,Electric,Customer Own,2024,active,,2025-10-27 10:09:47,2025-10-27 09:48:27
482,GUT,CPD20L1 FORKLIFT E02,2311600614,SN187,INFINEON BAT 1,Electric,Customer Owned,2020,active,,2025-10-27 10:09:47,2025-10-27 09:48:27
483,LINDE,R16S,REACH TRUCK 897,C2X115401897,PEGAUNIHAN,Electric,Customer Own,2020,active,,2025-10-27 10:09:47,2025-10-27 09:48:27
484,LINDE,HT30,F 06,SN191,PT WARLBOR,Diesel,Customer Owned,2020,active,,2025-10-27 10:09:47,2025-10-27 09:48:27
485,CAT,DP30ND,REPAIR DEPT,SN192,PT BTG,Diesel,Customer Owned,2020,active,,2025-10-27 10:09:47,2025-10-27 09:48:27
486,test brand,test type,eqtest,sntest,loc test,Diesel,own test,2024,active,,2025-10-27 10:09:47,2025-10-27 09:48:27
487,LINDE,R18SP-02,Reach Truck-r18,C21123l00173,WALBOR INT IND,Electric,Customer Owned,2022,active,,2025-10-27 10:09:47,2025-10-27 09:48:27
488,SIAT MAILIS,15-EM,MESIN WRAPPING-530,230710,EPSON LOT 530,Electric,Customer Owned,2010,active,,2025-10-27 10:09:47,2025-10-27 09:48:27
489,SIAT MAILIS,L-16-M,MESIN WRAPPING-510,PRJ0010000068500130,EPSON LOT 510,Electric,Customer Owned,2018,active,,2025-10-27 10:09:47,2025-10-27 09:48:27
490,SIAT MAILIS,16-PW-44CF+,MESIN WRAPPING-509,SWSEMIAUTO050550005,EPSON LOT 509,Electric,CUSTOMER OWNED,2016,active,,2025-10-27 10:09:47,2025-10-27 09:48:27
491,LINDE,R20 S - 12,REACH TRUCK 099,H2X115D01099,SNL,Electric,CUSTOMER OWNED,2013,active,,2025-10-27 10:09:47,2025-10-27 09:48:27
492,LINDE,T20AP-04,PS 432,C11158E01432,VOLEX Receiving,Electric,PS Own,2020,active,,2025-10-27 10:09:47,2025-10-27 09:48:27
493,LINDE,E 16 C,PS 720,C11275H01720,VOLEX Line,Electric,PS Own,2021,active,,2025-10-27 10:09:47,2025-10-27 09:48:27
494,TOTAL LIFTER,CBD 25,HANDJACK R 02,16062082/053,EPSON LOT 530,Manual,Customer Owned,2010,active,,2025-10-27 10:09:47,2025-10-27 09:48:27
495,TOTAL LIFTER,CBD 25,HANDJACK NO.6,13082082/029,EPSON LOT 510,Manual,Customer Owned,2016,active,,2025-10-27 10:09:47,2025-10-27 09:48:27
496,LINDE,E 16 C,PS 240,C11275H04240,ALCOTRAINDO,Electric,PS Rent,2017,active,,2025-10-27 10:09:47,2025-10-27 09:48:27
497,LINDE,E 16 C,PS 486,C11275G00486,VOLEX Shipping,Electric,PS Own,2021,active,,2025-10-27 10:09:47,2025-10-27 09:48:27
498,LINDE,E 16 C,PS 634,C11275G01634,PEGAUNIHAN LOT 2,Electric,PS Own,2021,active,,2025-10-27 10:09:47,2025-10-27 09:48:27
499,KRISBOW,10209539,KERETA LISTRIK,45190100009,PT INFINEON,Electric,Customer Owned,2019,active,,2025-10-27 10:09:47,2025-10-27 09:48:27
500,LINDE,E 16 C,FORKLIFT 603,C11275X02603,PEGAUNIHAN,Electric,Customer Owned,2020,active,,2025-10-27 10:09:47,2025-10-27 09:48:27
501,LINDE,R16S,REACH TRUCK 098,C2X115Y02098,PEGAUNIHAN,Electric,Customer Owned,2021,active,,2025-10-27 10:09:47,2025-10-27 09:48:27
502,Toyota,7FBR18,Reach Truck,7FBR18-15786,PT PRIMA SARI JAYA,Electric,Customer Owned,2012,active,,2025-10-27 10:09:47,2025-10-27 09:48:27
503,TOTAL LIFTER,CBD 30,HANDJACK P 02,17042082/037,EPSON LOT 530,Manual,Customer Owned,2017,active,,2025-10-27 10:09:47,2025-10-27 09:48:27
504,NICHIYU,RFTL12T-80,MANDOWN NO.2,922E-01193,DAIHO,Electric,Customer Owned,2020,active,,2025-10-27 10:09:47,2025-10-27 09:48:27
505,LINDE,HT 30 /CPCD,PMC 05,B11233M50098,PT WALBOR,Diesel,Customer Owned,2023,active,,2025-10-27 10:09:47,2025-10-27 09:48:27
506,ZEHN,HAND PALLET TRUCK,HANDJACK 383,4865383,VOLEX,Manual,Customer Owned,2020,active,,2025-10-27 10:09:47,2025-10-27 09:48:27
507,tes,123,123,123,123,Instruments & Tools,123,2023,active,,2025-10-27 10:09:47,2025-10-27 09:48:27
508,MENICS AUTONICS,BX SERIES,SENSOR RACK No. 1 - 20,BX15M-TDT2LOT530120,EPSON LOT 530,Instruments & Tools,Customer Owned,2015,active,,2025-10-27 10:09:47,2025-10-27 09:48:27
509,MENICS AUTONICS,BX SERIES,SENSOR RACK No. 21 - 40,BX15M-TDT2LOT5302140,EPSON LOT 530,Instruments & Tools,Customer Owned,2015,active,,2025-10-27 10:09:47,2025-10-27 09:48:27
510,MENICS AUTONICS,BX SERIES,SENSOR RACK No. 41 - 60,BX15M-TDT2LOT5304160,EPSON LOT 530,Instruments & Tools,Customer Owned,2015,active,,2025-10-27 10:09:47,2025-10-27 09:48:27
511,MENICS AUTONICS,BX SERIES,SENSOR RACK No. 61 - 71,BX15M-TDT2LOT5306171,EPSON LOT 530,Instruments & Tools,Customer Owned,2019,active,,2025-10-27 10:09:47,2025-10-27 09:48:27
512,MENICS AUTONICS,BX SERIES,SENSOR RACK No. 1 - 22,BX15M-TDT2LOT509120,EPSON LOT 509,Instruments & Tools,Customer Owned,2023,active,,2025-10-27 10:09:47,2025-10-27 09:48:27
513,MENICS AUTONICS,BX SERIES,SENSOR RACK No. 23 - 44,BX15M-TDT2LOT5095102344,EPSON LOT 509 510,Instruments & Tools,Customer Owned,2023,active,,2025-10-27 10:09:47,2025-10-27 09:48:27
514,MENICS AUTONICS,BX SERIES,SENSOR RACK No. 45 - 66,BX15M-TDT2LOT5104566,EPSON LOT 510,Instruments & Tools,Customer Owned,2023,active,,2025-10-27 10:09:47,2025-10-27 09:48:27
515,Heli,cpcd-35-xc29k,01035B1522,01035B1522,Teckno Dua Kabil,Diesel,Customer Owned,2022,active,,2025-10-27 10:09:47,2025-10-27 09:48:27
516,LINDE,L12,711172B07029,711172B07029,PT NOK,Electric,Customer Own,2011,active,,2025-10-27 10:09:47,2025-10-27 09:48:27
517,KRISBOW,STACKER MANUAL,24077777/283T,24077777/283T,PT VOLEX,Manual,Customer Own,2024,active,,2025-10-27 10:09:47,2025-10-27 09:48:27
518,KRISBOW,STACKER MANUAL,24077777/282T,24077777/282T,PT VOLEX,Manual,Customer Own,2024,active,,2025-10-27 10:09:47,2025-10-27 09:48:27
519,OKUDAYA GIKEN,STACKER MANUAL,B3714034,B3714034,PT VOLEX,Manual,Customer Own,2020,active,,2025-10-27 10:09:47,2025-10-27 09:48:27
520,TOTAL LIFTER,CBD25,HANDJACK P05,J22012082-2/087,EPSON LOT 530,Manual,Customer Own,2022,active,,2025-10-27 10:09:47,2025-10-27 09:48:27
521,testbran,testtype,testeq,testsn,testloca,Diesel,Customer Own,2025,active,,2025-10-27 10:09:47,2025-10-27 09:48:27
522,LINDE,M25,HANDJACK 712,HTX032G01712,PNBC,Manual,Customer Own,2016,active,,2025-10-27 10:09:47,2025-10-27 09:48:27
523,LINDE,E 16 C,FORKLIFT 604,C11275X02604,PEGAUNIHAN,Electric,Customer Own,2020,active,,2025-10-27 10:09:47,2025-10-27 09:48:27
524,TOTAL LIFTER,CBD30,HANDJACK 076,J20052082-1/076,EPSON LOT 508,Manual,Customer Own,2020,active,,2025-10-27 10:09:47,2025-10-27 09:48:27
525,TOYOTA,7FBR18,REACH TRUCK 664,7FBR18-13664,PT POHKIN,Electric,Customer Own,2011,active,,2025-10-27 10:09:47,2025-10-27 09:48:27
526,KRISBOW,HPT,HANDJACK 238,4364238,PT SUPERPAKINDO,Manual,Customer Own,2020,active,,2025-10-27 10:09:47,2025-10-27 09:48:27
527,OPK,DL-350,DRUM PORTER,M-C9149720,EPSON LOT 508,Manual,Customer Own,2022,active,,2025-10-27 10:09:47,2025-10-27 09:48:27
528,BLUE GIANT,TL85,Dock Lock Container No. 1,430386. 1-01,ALCON LOT 205,Instruments & Tools,Customer Own,2010,active,,2025-10-27 10:09:47,2025-10-27 09:48:27
529,BLUE GIANT,TL85,Dock Lock Container No. 2,430386. 1-02,ALCON LOT 205,Instruments & Tools,Customer Own,2010,active,,2025-10-27 10:09:47,2025-10-27 09:48:27
530,DEMAG,MFL-425AL-E-1200-3000F,FORKLIFT 210,FE127200394,ALCON LOT 210,Electric,Customer Own,2010,active,,2025-10-27 10:09:47,2025-10-27 09:48:27
531,KOMATSU,FB15RL-15,REACH TRUCK 205,M272 - 156320,ALCON LOT 205,Electric,Customer Own,2016,active,,2025-10-27 10:09:47,2025-10-27 09:48:27
532,HYSTER,P2.0UT,Hand Pallet Truck Electrical,A3B0H02723Y,ALCON LOT 204,Electric,Customer Own,2010,active,,2025-10-27 10:09:47,2025-10-27 09:48:27
533,HATOWER,23101001EW20F,Hand Pallet Truck Electrical 205,202312001,ALCON LOT 205,Electric,Customer Own,2010,active,,2025-10-27 10:09:47,2025-10-27 09:48:27
534,DEMAG,CZB5C-D48/80,CHARGER FORKLIFT 205,812000731805001,ALCON LOT 205,Instruments & Tools,Customer Own,2010,active,,2025-10-27 10:09:47,2025-10-27 09:48:27
535,KOMATSU,RG-T 48-60,CHARGER REACH TRUCK 205,304542,ALCON LOT 205,Instruments & Tools,Customer Own,2010,active,,2025-10-27 10:09:47,2025-10-27 09:48:27
536,DEMAG,CZB5C-D48/90,CHARGER FORKLIFT 210,812000731805001/210,ALCON LOT 210,Instruments & Tools,Customer Own,2010,active,,2025-10-27 10:09:47,2025-10-27 09:48:27
537,ROBOPAC,M/C ROTO Plat 12,MESIN WRAPPING NO. 1,023186,ALCON LOT 205,Instruments & Tools,Customer Own,1996,active,,2025-10-27 10:09:47,2025-10-27 09:48:27
538,ROBOPAC,ROTOFLAT 107.1 FRD,MESIN WRAPPING NO.2,30128763,ALCON LOT 205,Instruments & Tools,Customer Own,2010,active,,2025-10-27 10:09:47,2025-10-27 09:48:27
539,LINDE,L12,STACKER 603,C11169000603,CASCO,Electric,Customer Own,2013,active,,2025-10-27 10:09:47,2025-10-27 09:48:27
540,TOTAL LIFTER,CBD25,HANDJACK NO.10,J18122082-1/100,EPSON LOT 510,Manual,Customer Own,2018,active,,2025-10-27 10:09:47,2025-10-27 09:48:27
541,TOYOTA,7FBR15,REACH TRUCK 412,70412,SNL,Electric,Customer Own,2017,active,,2025-10-27 10:09:47,2025-10-27 09:48:27
542,LINDE,E 15 C,FORKLIFT 723,C1X322R00723,PT. INDOGABEN SUKSES PERKASA,Electric,Customer Own,2004,active,,2025-10-27 10:09:47,2025-10-27 09:48:27
543,LINDE,E30B-01,FORKLIFT 508,C31294N00733,EPSON LOT 508,Electric,Customer Own,2024,active,,2025-10-27 10:09:47,2025-10-27 09:48:27
544,DMC,CX25,HANDJACK DMC,000,EPSON LOT 508,Manual,Customer Own,2010,active,,2025-10-27 10:09:47,2025-10-27 09:48:27
545,JUNGHEINRICH,AM 22,HANDJACK 780N,15051780N,EPSON LOT 508,Manual,Customer Own,2018,active,,2025-10-27 10:09:47,2025-10-27 09:48:27
546,KRISBOW,HPT,HANDJACK 102,050396-0102-0124,PT VOLEX,Manual,Customer Own,2020,active,,2025-10-27 10:09:47,2025-10-27 09:48:27
547,KRISBOW,HPT,HANDJACK 162,050398-0162-0124,PT VOLEX,Manual,Customer Own,2020,active,,2025-10-27 10:09:47,2025-10-27 09:48:27
548,LINDE,R16S,REACH TRUCK 2716,c24115102716,PEGAUNIHAN LOT 13B,Electric,Customer Own,2022,active,,2025-10-27 10:09:47,2025-10-27 09:48:27
549,LINDE,T20 AP-04,PALLET TRUK 0720,C21158L00720,PEGAUNIHAN LOT 13B,Electric,Customer Own,2022,active,,2025-10-27 10:09:47,2025-10-27 09:48:27
550,test,type,FORKLIFT test,HTX032G0171299,PEGAUNIHAN,Electric,Customer Own,2021,active,,2025-10-27 10:09:47,2025-10-27 09:48:27
551,LINDE,R14s,REACH TRUCK 323,C1X115H00323,PEGAUNIHAN lot 2,Electric,Customer Own,2017,active,,2025-10-27 10:09:47,2025-10-27 09:48:27
552,LINDE,R16S,REACH TRUCK 2708,C2Y115L02708,PEGAUNIHAN Sekupang,Electric,Customer Own,2022,active,,2025-10-27 10:09:47,2025-10-27 09:48:27
553,LINDE,R16S,REACH TRUCK 2707,C2Y115L02707,PEGAUNIHAN Sekupang,Electric,Customer Own,2022,active,,2025-10-27 10:09:47,2025-10-27 09:48:27
554,LINDE,R16S,REACH TRUCK 2715,C2Y115L02715,PEGAUNIHAN Sekupang,Electric,Customer Own,2022,active,,2025-10-27 10:09:47,2025-10-27 09:48:27
555,BT,SPE 160L,REACH TRUCK 6971,9006971,SCANJET,Electric,Customer Own,2005,active,,2025-10-27 10:09:47,2025-10-27 09:48:27
556,TOYOTA,FDZN25,FORKLIFT 01,FDZN25-27557,PT ADHI MUKTI PERSADA,Diesel,Customer Own,2020,active,,2025-10-27 10:09:47,2025-10-27 09:48:27
557,LINDE,E25 S,FORKLIFT 469,C11276J01 469,PT VOLEX Sekupang,Electric,PS Own,2023,active,,2025-10-27 10:09:47,2025-10-27 09:48:27
558,LINDE,E16C,FORKLIFT 486,C11275 600468,VOLEX Sekupang,Electric,PS Own,2021,active,,2025-10-27 10:09:47,2025-10-27 09:48:27
559,JUNGHEINRICH,EJC 165-115-310,27603,80441090,PT. Infineon,Electric,Customer Own,1996,active,,2025-10-27 10:09:47,2025-10-27 09:48:27
560,LINDE,T20 AP- 04,FORKLIFT 314,C11158 E01 314,PT. Volex,Electric,PS Own,2020,active,,2025-10-27 10:09:47,2025-10-27 09:48:27
561,TOTAL LIFTER,CBD25,HANDJACK  229,16112062/229,PT. Seiwa Kinzoku Indonesia,Manual,Customer Own,2016,active,,2025-10-27 10:09:47,2025-10-27 09:48:27
562,LINDE,A,Mandown no. 2,615 222 D00020,PT. EPSON lot 530,Electric,Customer Own,2013,retired,,2025-10-27 10:09:47,2025-10-27 09:48:27
563,LINDE,A,Mandown no.1,615 222 E000 34,PT. EPSON lot 530,Electric,Customer Own,2014,active,,2025-10-27 10:09:47,2025-10-27 09:48:27
564,MICHIYU,RFTL12T-80,Mandown 80,922E - 00466,PT. DAIHO,Electric,Customer Own,2010,active,,2025-10-27 10:09:47,2025-10-27 09:48:27
565,MICHIYU,RFTL 12T - 80,Mandown 465,922E - 00465,PT. DAIHO,Electric,Customer Own,2010,active,,2025-10-27 10:09:47,2025-10-27 09:48:27
566,MICHIYU,RFTL12T - 80,Mandown 193,922E - 01193,PT. DAIHO,Electric,Customer Own,2010,active,,2025-10-27 10:09:47,2025-10-27 09:48:27
567,LINDE,E 16 C,FORKLIFT 0222,C111275X00222,PEGAUNIHAN,Electric,PS Own,2020,active,,2025-10-27 10:09:47,2025-10-27 09:48:27
568,LINDE,E16C,FORKLIFT 2603,C11275 X02603,PT. PEGAUNIHAN,Electric,PS Own,2020,active,,2025-10-27 10:09:47,2025-10-27 09:48:27
569,ENERGIC PLUS,RXM24-60,CHARGER P.TRUCK 510,443654,EPSON LOT 510,Instruments & Tools,Customer Own,2015,active,,2025-10-27 10:09:47,2025-10-27 09:48:27
570,BAS,SDC TP_ECP 48/140T,CHARGER MANDOWN NO.2 510,YA0060,EPSON LOT 510,Instruments & Tools,Customer Own,2022,active,,2025-10-27 10:09:47,2025-10-27 09:48:27
571,BAS,SDC TP_ECP 48/140T,CHARGER MANDOWN NO.1 510,YA0058,EPSON LOT 510,Instruments & Tools,Customer Own,2022,active,,2025-10-27 10:09:47,2025-10-27 09:48:27
572,EASYCON CHARGER,DE 24/100,CHARGER R.TRUCK 510,91116301,EPSON LOT 509-510,Instruments & Tools,Customer Own,2009,active,,2025-10-27 10:09:47,2025-10-27 09:48:27
573,EASYCON CHARGER,229-DE36/90P,CHARGER R.TRUCK 509,01320301,EPSON LOT 509-510,Instruments & Tools,Customer Own,2010,active,,2025-10-27 10:09:47,2025-10-27 09:48:27
574,EASYCON CHARGER,229-EE24/45P,CHARGER P.TRUCK 509,94740902,EPSON LOT 509,Instruments & Tools,Customer Own,2017,active,,2025-10-27 10:09:47,2025-10-27 09:48:27
575,BAS,SDC TP_ECP 48/140T,CHARGER MANDOWN NO.3,YA0061,EPSON LOT 509,Instruments & Tools,Customer Own,2022,active,,2025-10-27 10:09:47,2025-10-27 09:48:27
576,BAS,SDC TP_ECP 48/140T,CHARGER MANDOWN NO.4,YA0059,EPSON LOT 509,Instruments & Tools,Customer Own,2022,active,,2025-10-27 10:09:47,2025-10-27 09:48:27
577,TOYOTA,7FBRRS18,REACH TRUCK 7 FBR,7FBR,PT. PRIMA SARI JAYA,Electric,Customer Own,2010,active,,2025-10-27 10:09:47,2025-10-27 09:48:27
578,TOYOTA,7FB18,REACH TRUCK 786,7FBR18 -15786,PT. PRIMA SARI JAYA,Electric,Customer Own,2010,active,,2025-10-27 10:09:47,2025-10-27 09:48:27
579,Classic Plus,CIP 24V30CT,CHAGER STACKER NO.2,SS0750221,EPSON LOT 530,Instruments & Tools,Customer Own,2023,active,,2025-10-27 10:09:47,2025-10-27 09:48:27
580,BAS,SC24/50M,CHARGER PALLET TRUCK NO.1,TY0181,EPSON LOT 530,Instruments & Tools,Customer Own,2015,active,,2025-10-27 10:09:47,2025-10-27 09:48:27
581,EASYCON CHARGER,229-DE48/70,CHARGER ORDER PICKER NO.1,11133014,EPSON LOT 530,Instruments & Tools,Customer Own,2015,active,,2025-10-27 10:09:47,2025-10-27 09:48:27
582,EASYCON CHARGER,229-DE48/70,CHARGER ORDER PICKER NO.2,11133013,EPSON LOT 530,Instruments & Tools,Customer Own,2015,active,,2025-10-27 10:09:47,2025-10-27 09:48:27
583,EASYCON CHARGER,229-DE48/125,CHARGER MANDOWN,77334109,EPSON LOT 530,Instruments & Tools,Customer Own,2015,active,,2025-10-27 10:09:47,2025-10-27 09:48:27
584,NO NAME,NO NAME,CHARGER STACKER NO.1,NO NAME,EPSON LOT 530,Instruments & Tools,Customer Own,2015,active,,2025-10-27 10:09:47,2025-10-27 09:48:27
585,HYSTER,H3.5FT,hystercanjet,hyster01,PT SCANJET,Diesel,Customer Own,2015,active,,2025-10-27 10:09:47,2025-10-27 09:48:27
586,LINDE,T20 AP-04,Pallet Truck,C11158E01314,VOLEX Receiving,Electric,PS Own,2020,active,,2025-10-27 10:09:47,2025-10-27 09:48:27
587,TAILIFT,FBD30,pcpartner-tailift-3t,C2501250C,PT PCPARTNER,Electric,Customer Own,2025,active,,2025-10-27 10:09:47,2025-10-27 09:48:27
588,JUNGHEINRICH,AM 22,HANDJACK R04,14528045N,EPSON LOT 530,Manual,Customer Own,2011,active,,2025-10-27 10:09:47,2025-10-27 09:48:27
589,TOTAL LIFTER,CBD25,HANDJACK R07,J21122082-/063,EPSON LOT 530,Manual,Customer Own,2021,active,,2025-10-27 10:09:47,2025-10-27 09:48:27
590,TOYOTA,FDZN25,FORKLIFT F01,27557,PT ADHI MUKTI PERSADA,Diesel,Customer Own,2020,active,,2025-10-27 10:09:47,2025-10-27 09:48:27
591,LINDE,A,Man down no.2,615 224 L00020,PT. EPSON LOT 510,Electric,Customer Own,2022,active,,2025-10-27 10:09:47,2025-10-27 09:48:27
592,LINDE,E16C,FORKLIFT 995,C1X335A02995,PT. INTER PRATAMA,Electric,Customer Own,2010,active,,2025-10-27 10:09:47,2025-10-27 09:48:27
593,Toyota,8FD25,PS435,435,Workshop,Diesel,PS Own,2015,active,,2025-10-27 10:09:47,2025-10-27 09:48:27
594,TOYOTA,7fbr15,559,7fbr15-20559,Pt. Alcotraindo Batam,Electric,Customer Own,2000,active,,2025-10-27 10:09:47,2025-10-27 09:48:27
595,TOTAL LIFTER,cbd25,handjack 2/33,2/33,superpakindo,Electric,Customer Own,2016,active,,2025-10-27 10:09:47,2025-10-27 09:48:27
596,LINDE,R16S,REACH TRUCK C2Y115,C2Y115LO2708,PT. PEGAUNIHAN SEKUPANG,Electric,Customer Own,2022,active,,2025-10-27 10:09:47,2025-10-27 09:48:27
597,TOYOTA,8FD40,4T-JFCSTONE,628FD40,PT JFC STONE,Diesel,Customer Own,2019,active,,2025-10-27 10:09:47,2025-10-27 09:48:27
598,TOYOTA,8FD40,SN0001,F01,PT JFC STONE,Diesel,Customer Own,2015,active,,2025-10-27 10:09:47,2025-10-27 09:48:27
599,TOYOTA,8FD25,ps331,331,WORKSHOP,Diesel,PS Own,2015,active,,2025-10-27 10:09:47,2025-10-27 09:48:27
600,KRISBOW,SDJA-I,Manual Lifter,28228,TDK GUDANG,Manual,Customer Own,2014,active,,2025-10-27 10:09:47,2025-10-27 09:48:27
601,LINDE,E16C,000,C11275X00222,PEGAUNIHAN,Electric,Customer Own,2020,active,,2025-10-27 10:09:47,2025-10-27 09:48:27
602,KRISBOW,HPT,HPT766,9793766,PT ALCOTRAINDO,Manual,Customer Own,2025,active,,2025-10-27 10:09:47,2025-10-27 09:48:27
603,KRISBOW,HPT,HPT973,3836973,PT ALCOTRAINDO,Manual,Customer Own,2025,active,,2025-10-27 10:09:47,2025-10-27 09:48:27
604,KRISBOW,HPT,HPT176,35571176,PT ALCOTRAINDO,Manual,Customer Own,2025,active,,2025-10-27 10:09:47,2025-10-27 09:48:27
605,KRISBOW,HPT,HPTX,No Serial,PT ALCOTRAINDO,Manual,Customer Own,2025,active,,2025-10-27 10:09:47,2025-10-27 09:48:27
606,TOTAL LIFTER,CBD25,00,16072082/194,pt.eka surya mandiri,Instruments & Tools,Customer Own,2016,active,,2025-10-27 10:09:47,2025-10-27 09:48:27
607,CROWN,RD 5700 S REACH TRUCK,,1A360920,EPSON LOT 509,Electric,Customer Owned,2020,active,,2025-10-27 10:09:47,2025-10-27 10:09:47
608,CROWN,RR 5200 S,,1A345537,EPSON LOT 510,Electric,Customer Owned,2020,active,,2025-10-27 10:09:47,2025-10-27 10:09:47
609,LINDE,A,,615224L00019,EPSON LOT 510,Electric,Customer Owned,2022,active,,2025-10-27 10:09:47,2025-10-27 10:09:47
610,LINDE,A,,615224L00020,EPSON LOT 510,Electric,Customer Owned,2022,active,,2025-10-27 10:09:47,2025-10-27 10:09:47
611,CROWN,WP 3020,,5A808614,TDK Panbil 2,Electric,Customer Owned,2020,active,,2025-10-27 10:09:47,2025-10-27 10:09:47
612,CROWN,WP 2320,,5A804161,TDK Panbil 2,Electric,Customer Owned,2020,active,,2025-10-27 10:09:47,2025-10-27 10:09:47
613,CATTERPILAR,EP30CA,,251AC1316,TDK VKL,Electric,Customer Owned,2020,active,,2025-10-27 10:09:47,2025-10-27 10:09:47
614,CROWN,WF 3000-1.0,,5A533156,TDK Panbil 2,Electric,Customer Owned,2020,active,,2025-10-27 10:09:47,2025-10-27 10:09:47
615,JUNGHEINRICH,EJE 120,,FN914027,TDK STORE,Electric,Customer Owned,2020,active,,2025-10-27 10:09:47,2025-10-27 10:09:47
616,BRAVIISOL,LUI MINI S.K,,MSK20141207,TDK STORE,Electric,Customer Owned,2020,active,,2025-10-27 10:09:47,2025-10-27 10:09:47
617,JUNGHEINRICH,EFG 430 K,,FN522346,TDK STORE,Electric,Customer Owned,2020,active,,2025-10-27 10:09:47,2025-10-27 10:09:47
618,JUNGHEINRICH,EKM 202 MINI PICKER,,91651008,TDK STORE,Electric,Customer Owned,2020,active,,2025-10-27 10:09:47,2025-10-27 10:09:47
619,JUNGHEINRICH,EJE 120 n,,FN975851,TDK STORE,Electric,Customer Owned,2020,active,,2025-10-27 10:09:47,2025-10-27 10:09:47
620,JUNGHEINRICH,EJC 216,,90645823,TDK VKL,Electric,Customer Owned,2020,active,,2025-10-27 10:09:47,2025-10-27 10:09:47
621,JUNGHEINRICH,EJC 216,,90558603,TDK VKL,Electric,Customer Owned,2020,active,,2025-10-27 10:09:47,2025-10-27 10:09:47
622,LINDE,L14 AS,,W4X131C02754,TDK VKL,Electric,Customer Owned,2020,active,,2025-10-27 10:09:47,2025-10-27 10:09:47
623,SUMITOMO,8FBR13,,R1H-19084,PEGAUNIHAN LOT 2,Electric,Customer Owned,2020,active,,2025-10-27 10:09:47,2025-10-27 10:09:47
624,LINDE,E 16C,,CIX335B01899,ALCOTRAINDO,Electric,PS Rent,2011,active,,2025-10-27 10:09:47,2025-10-27 10:09:47
625,LINDE,L 12,,C11169J00941,VARTA,Electric,Customer Owned,2020,active,,2025-10-27 10:09:47,2025-10-27 10:09:47
626,LINDE,L 12,,379H07313812,VARTA,Electric,Customer Owned,2020,active,,2025-10-27 10:09:47,2025-10-27 10:09:47
627,CROWN,RR5700 SERIES,,1A436159,SUPERPAKINDO,Electric,Customer Owned,2020,active,,2025-10-27 10:09:47,2025-10-27 10:09:47
628,JUNGHEINRICH,AM22,,15108726A,PT SCHENEIDER,Manual,Customer Owned,2020,active,,2025-10-27 10:09:47,2025-10-27 10:09:47
629,JUNGHEINRICH,AM22,,1505179,PT SCHENEIDER,Manual,Customer Owned,2020,active,,2025-10-27 10:09:47,2025-10-27 10:09:47
630,JUNGHEINRICH,AM22,,15108726B,PT SCHENEIDER,Manual,Customer Owned,2020,active,,2025-10-27 10:09:47,2025-10-27 10:09:47
631,LINDE,R16S,,C24115L02715,PEGAUNIHAN,Electric,Customer Owned,2020,active,,2025-10-27 10:09:47,2025-10-27 10:09:47
632,LINDE,R16S,,C24115L02707,PEGAUNIHAN,Electric,Customer Owned,2020,active,,2025-10-27 10:09:47,2025-10-27 10:09:47
633,DEMAG MHE,MEL-425AC-E-1200-3000F,,FFE127150290,ALCON CIBA VISION,Electric,Customer Owned,2020,active,,2025-10-27 10:09:47,2025-10-27 10:09:47
634,CROWN,FC 4500 S,,9A199200,GAJAH IZUMI MAS PERKASA,Electric,Customer Owned,2020,active,,2025-10-27 10:09:47,2025-10-27 10:09:47
635,LINDE,E 16C - 03,,C1X335D00760,CV SEJAHTERA,Electric,Customer Owned,2013,active,,2025-10-27 10:09:47,2025-10-27 10:09:47
636,TOYOTA,8FBN25,,8FBN25 - 14982,SEIWA KINZOKU INDONESIA,Electric,Customer Owned,2015,active,,2025-10-27 10:09:47,2025-10-27 10:09:47
637,TOYOTA,8FBR15,,8FBR15 - 24341,CASCO,Electric,CUSTOMER OWNED,2020,active,,2025-10-27 10:09:47,2025-10-27 10:09:47
638,TOYOTA,8FBRN25,,8FBRN25-34169,PT MARVIN,Electric,Customer Owned,2019,active,,2025-10-27 10:09:47,2025-10-27 10:09:47
639,LINDE,E 15 C,,C1X332R00041,PPS,Electric,Customer Owned,2006,active,,2025-10-27 10:09:47,2025-10-27 10:09:47
640,ZEHN,HAND PALLET TRUCK,,4085155,VOLEX,Manual,Customer Owned,2020,active,,2025-10-27 10:09:47,2025-10-27 10:09:47
641,LINDE,T20 SP,PS 905,C11158V00905,WORKSHOP,Electric,PS Own,2023,active,,2025-11-13 16:17:20,2025-11-13 16:16:49
642,LINDE,R14S,PS 404,C1X115E00404,WORKSHOP,Electric,PS Own,2023,active,,2025-11-13 16:23:33,2025-11-13 16:23:33
643,LINDE,E16C,PS 422,C11275600422,WORKSHOP,Electric,PS Own,2016,active,,2025-11-13 16:37:15,2025-11-13 16:37:15